ortho,Lexique3__phon,Lexique3__lemme,Lexique3__cgram,Lexique3__freqlemfilms2,Lexique3__freqfilms2,Lexique3__nblettres,Lexique3__puorth,Lexique3__puphon,Lexique3__nbsyll,Lexique3__cgramortho
abbés,abe,abbé,NOM,4.46,0.02,5,0,3,2,NOM
abord,abOR,abord,NOM,2.22,0.89,5,5,4,2,NOM
about,abu,about,NOM,5.94,5.94,5,5,3,2,NOM
abris,abRi,abri,NOM,25.9,3.2,5,0,4,2,NOM
abîme,abim,abîme,NOM,6.01,5.03,5,5,4,2,"NOM,VER"
accro,akRo,accro,NOM,2.56,1.66,5,5,4,2,"ADJ,NOM"
accès,aksE,accès,NOM,29.53,29.53,5,4,4,2,NOM
achat,aSa,achat,NOM,9.75,5.2,5,5,3,2,NOM
acide,asid,acide,NOM,9.46,8.44,5,5,4,2,"ADJ,NOM"
acier,asje,acier,NOM,13.88,13.85,5,4,4,2,NOM
actes,akt,acte,NOM,56.81,17.62,5,0,3,1,NOM
adieu,adj2,adieu,NOM,44.44,36.86,5,4,4,2,"NOM,ONO"
agent,aZ@,agent,NOM,117.9,92.42,5,5,3,2,NOM
aides,Ed,aide,NOM,175.59,4.18,5,0,2,1,"NOM,VER"
aigle,Egl,aigle,NOM,6.9,5.5,5,5,3,1,NOM
ailes,El,aile,NOM,33.45,18.45,5,0,2,1,NOM
aires,ER,aire,NOM,5.54,0.99,5,0,2,1,NOM
aises,Ez,aise,NOM,32.73,1.09,5,0,2,1,"ADJ,NOM"
album,albOm,album,NOM,11.29,9.36,5,5,5,2,NOM
algue,alg,algue,NOM,2.66,0.29,5,4,3,1,NOM
alibi,alibi,alibi,NOM,11.13,10.28,5,4,4,3,NOM
aller,ale,aller,NOM,17.78,17.21,5,5,3,2,"NOM,VER"
allez,ale,aller,NOM,17.78,0.0,5,0,3,2,"NOM,VER"
allié,alje,allié,NOM,11.64,2.4,5,5,4,2,"VER,ADJ,NOM"
allée,ale,allée,NOM,12.17,9.89,5,5,3,2,"VER,NOM"
alpha,alfa,alpha,NOM,2.09,2.09,5,5,4,2,NOM
amant,am@,amant,NOM,35.03,23.28,5,5,3,2,NOM
amaro,amaRo,amaro,NOM,2.02,2.02,5,5,5,3,NOM
amies,ami,ami,NOM,747.98,20.88,5,0,3,2,"ADJ,NOM"
amigo,amigo,amigo,NOM,6.91,4.75,5,5,4,3,NOM
amour,amuR,amour,NOM,458.27,450.46,5,5,4,2,NOM
ancre,@kR,ancre,NOM,4.75,4.63,5,5,3,1,"NOM,VER"
anges,@Z,ange,NOM,69.27,21.38,5,0,2,1,NOM
angle,@gl,angle,NOM,13.29,11.56,5,5,3,1,NOM
année,ane,année,NOM,316.25,129.64,5,5,3,2,NOM
antre,@tR,antre,NOM,2.96,2.96,5,4,3,1,NOM
appel,apEl,appel,NOM,100.18,80.88,5,5,4,2,NOM
appui,ap8i,appui,NOM,8.81,7.83,5,5,4,2,NOM
appât,apa,appât,NOM,6.74,5.97,5,5,3,2,NOM
arabe,aRab,arabe,NOM,13.62,6.71,5,5,4,2,"ADJ,NOM"
arbre,aRbR,arbre,NOM,81.69,49.29,5,5,4,1,NOM
arche,aRS,arche,NOM,3.19,2.83,5,5,3,1,NOM
armes,aRm,arme,NOM,220.22,105.82,5,0,3,1,"NOM,VER"
armée,aRme,armée,NOM,101.07,93.97,5,5,4,2,"VER,ADJ,NOM"
arrêt,aRE,arrêt,NOM,50.88,46.8,5,5,3,2,NOM
arène,aREn,arène,NOM,2.5,2.25,5,3,4,2,NOM
asile,azil,asile,NOM,26.56,25.52,5,5,4,2,NOM
astre,astR,astre,NOM,3.13,1.89,5,5,4,1,NOM
atome,atom,atome,NOM,2.85,1.3,5,5,4,2,NOM
atout,atu,atout,NOM,5.74,3.66,5,5,3,2,NOM
aubes,ob,aube,NOM,30.32,0.27,5,0,2,1,NOM
auras,oRa,aura,NOM,14.48,2.31,5,0,3,2,"NOM,AUX,VER"
autel,otEl,autel,NOM,8.27,7.62,5,5,4,2,NOM
autos,oto,auto,NOM,18.66,2.42,5,0,3,2,NOM
autre,otR,autre,NOM,7.48,6.25,5,5,3,1,"ADJ,ADV,NOM,PRO:ind"
avant,av@,avant,NOM,8.05,7.94,5,5,3,2,"ADJ,ADV,NOM,PRE"
aveux,av2,aveu,NOM,11.15,5.29,5,0,3,2,NOM
avion,avj§,avion,NOM,128.35,105.54,5,5,4,2,NOM
avoir,avwaR,avoir,NOM,3.13,2.72,5,5,5,2,"AUX,NOM,VER"
avril,avRil,avril,NOM,11.23,11.23,5,5,5,2,NOM
azurs,azyR,azur,NOM,2.98,0.0,5,0,4,2,NOM
aînée,ene,aîné,NOM,8.92,2.79,5,0,3,2,"ADJ,NOM"
aînés,ene,aîné,NOM,8.92,1.46,5,0,3,2,"ADJ,NOM"
aïeul,aj9l,aïeul,NOM,3.13,1.08,5,4,4,2,NOM
aïeux,aj2,aïeul,NOM,3.13,1.75,5,0,0,2,NOM
babys,babi,baby,NOM,13.2,0.01,5,0,4,2,NOM
bacon,bekon,bacon,NOM,4.5,4.5,5,4,5,2,NOM
badge,badZ,badge,NOM,7.14,6.03,5,5,4,1,NOM
baffe,baf,baffe,NOM,2.93,1.41,5,5,3,1,"NOM,VER"
bagne,baN,bagne,NOM,2.5,2.49,5,5,3,1,NOM
bague,bag,bague,NOM,30.32,26.14,5,5,3,1,"NOM,VER"
baies,bE,baie,NOM,7.09,1.24,5,0,2,1,"ADJ,NOM"
bains,b5,bain,NOM,74.48,23.96,5,0,2,1,NOM
baise,bEz,baise,NOM,7.66,7.07,5,5,3,1,"NOM,VER"
balai,balE,balai,NOM,10.91,8.24,5,5,4,2,NOM
balle,bal,balle,NOM,122.07,77.32,5,5,3,1,NOM
bancs,b@,banc,NOM,10.76,1.81,5,0,2,1,NOM
bande,b@d,bande,NOM,78.36,69.1,5,5,3,1,"NOM,VER"
bangs,b@g,bang,NOM,2.37,0.34,5,0,3,1,NOM
banjo,b@dZo,banjo,NOM,3.13,3.08,5,4,4,2,NOM
barbe,baRb,barbe,NOM,24.15,23.4,5,5,4,1,"NOM,VER"
baril,baRil,baril,NOM,2.71,1.81,5,5,5,2,NOM
baron,baR§,baron,NOM,20.82,16.07,5,5,4,2,NOM
barre,baR,barre,NOM,18.78,15.59,5,5,3,1,"NOM,VER"
bases,baz,base,NOM,59.22,7.53,5,0,3,1,"NOM,VER"
basse,bas,basse,NOM,2.89,2.36,5,5,3,1,"ADJ,NOM"
batte,bat,batte,NOM,6.87,6.39,5,5,3,1,"NOM,VER"
baves,bav,bave,NOM,2.1,0.02,5,0,3,1,"NOM,VER"
bazar,bazaR,bazar,NOM,8.36,8.18,5,5,5,2,NOM
belge,bElZ,belge,NOM,2.0,1.31,5,5,4,1,"ADJ,NOM"
belle,bEl,beau,NOM,50.85,35.08,5,0,3,1,"ADJ,NOM"
benne,bEn,benne,NOM,2.38,2.12,5,4,3,1,NOM
berge,bERZ,berge,NOM,2.77,1.79,5,5,4,1,NOM
bible,bibl,bible,NOM,17.79,17.03,5,5,4,1,NOM
biche,biS,biche,NOM,5.8,5.29,5,5,3,1,"NOM,VER"
bides,bid,bide,NOM,3.73,0.07,5,0,3,1,NOM
bidon,bid§,bidon,NOM,8.02,5.37,5,5,4,2,"ADJ,NOM"
biens,bj5,bien,NOM,106.6,16.99,5,0,3,1,NOM
bijou,biZu,bijou,NOM,8.37,8.37,5,5,4,2,NOM
bilan,bil@,bilan,NOM,6.13,5.63,5,5,4,2,NOM
biles,bil,bile,NOM,2.78,0.19,5,0,3,1,"NOM,VER"
bille,bij,bille,NOM,5.21,2.5,5,5,3,1,NOM
bingo,biGo,bingo,NOM,9.08,9.08,5,5,4,2,NOM
bises,biz,bise,NOM,3.84,1.14,5,0,3,1,"ADJ,NOM,VER"
bison,biz§,bison,NOM,2.65,1.49,5,5,4,2,NOM
bisou,bizu,bisou,NOM,18.4,13.99,5,5,4,2,NOM
bites,bit,bite,NOM,26.41,3.49,5,0,3,1,NOM
bizut,bizy,bizut,NOM,2.3,2.05,5,5,4,2,NOM
bière,bjER,bière,NOM,81.67,68.55,5,3,4,1,NOM
black,blak,black,NOM,4.07,1.94,5,5,4,1,"ADJ,NOM"
blanc,bl@,blanc,NOM,46.88,27.56,5,5,3,1,"ADJ,NOM"
bleds,blEd,bled,NOM,5.67,0.12,5,0,4,1,NOM
bleus,bl2,bleu,NOM,26.12,6.2,5,0,3,1,"ADJ,NOM"
blocs,blOk,bloc,NOM,17.28,3.03,5,0,4,1,NOM
blond,bl§,blond,NOM,22.65,3.61,5,5,3,1,"ADJ,NOM"
blues,bluz,blues,NOM,7.81,7.81,5,5,4,1,NOM
bluff,bl9f,bluff,NOM,3.02,3.0,5,5,4,1,NOM
blâme,blam,blâme,NOM,2.04,1.85,5,5,4,1,"NOM,VER"
bobos,bobo,bobo,NOM,2.42,0.53,5,0,4,2,NOM
bocal,bokal,bocal,NOM,3.83,2.73,5,5,5,2,NOM
boche,bOS,boche,NOM,8.63,2.24,5,5,3,1,"ADJ,NOM"
bodhi,bOdi,bodhi,NOM,2.21,2.21,5,5,4,2,NOM
boeuf,b9f,boeuf,NOM,10.39,8.58,5,4,3,1,"ADJ,NOM"
boire,bwaR,boire,NOM,2.67,2.67,5,4,4,1,"NOM,VER"
bombe,b§b,bombe,NOM,64.39,48.7,5,5,3,1,"NOM,VER"
bonds,b§,bond,NOM,4.69,1.25,5,0,2,1,NOM
bonne,bOn,bonne,NOM,59.44,53.18,5,5,3,1,"ADJ,NOM"
bonté,b§te,bonté,NOM,17.88,17.31,5,4,3,2,NOM
bonus,bonys,bonus,NOM,3.8,3.8,5,4,4,2,NOM
books,buk,book,NOM,2.89,1.39,5,0,3,1,NOM
booms,bum,boom,NOM,2.83,0.02,5,0,3,1,NOM
bords,bOR,bord,NOM,79.9,2.84,5,0,3,1,NOM
borne,bORn,borne,NOM,8.35,1.69,5,5,4,1,"NOM,VER"
bosse,bOs,bosse,NOM,7.24,6.08,5,5,3,1,"NOM,VER"
bossu,bosy,bossu,NOM,4.74,4.19,5,5,4,2,"ADJ,NOM"
botte,bOt,botte,NOM,32.19,6.38,5,5,3,1,"NOM,VER"
boucs,buk,bouc,NOM,8.49,0.57,5,0,3,1,NOM
boues,bu,boue,NOM,15.1,0.01,5,0,2,1,NOM
bouge,buZ,bouge,NOM,34.79,34.02,5,5,3,1,"NOM,VER"
boule,bul,boule,NOM,30.68,19.29,5,5,3,1,"NOM,VER"
boums,bum,boum,NOM,7.01,0.21,5,0,3,1,NOM
bouts,bu,bout,NOM,128.33,7.21,5,0,2,1,NOM
bouée,bwe,bouée,NOM,2.04,1.3,5,4,3,1,NOM
boxes,bOks,boxe,NOM,9.32,0.13,5,0,4,1,"NOM,VER"
boyau,bwajo,boyau,NOM,2.86,0.19,5,5,5,2,NOM
boîte,bwat,boîte,NOM,88.81,74.58,5,5,4,1,NOM
brave,bRav,brave,NOM,6.49,4.46,5,5,4,1,"ADJ,NOM,VER"
bravo,bRavo,bravo,NOM,8.93,8.21,5,5,5,2,"NOM,ONO"
break,bREk,break,NOM,7.18,6.91,5,5,4,1,NOM
brins,bR5,brin,NOM,5.38,0.44,5,0,3,1,NOM
brise,bRiz,brise,NOM,5.63,5.6,5,5,4,1,"NOM,VER"
bruit,bR8i,bruit,NOM,94.13,78.94,5,5,4,1,"VER,NOM"
brume,bRym,brume,NOM,5.07,4.17,5,5,4,1,NOM
brune,bRyn,brune,NOM,5.2,4.44,5,5,4,1,"ADJ,NOM"
bruns,bR1,brun,NOM,2.37,0.2,5,0,3,1,"ADJ,NOM"
brute,bRyt,brute,NOM,14.03,9.04,5,5,4,1,"ADJ,NOM"
brûlé,bRyle,brûlé,NOM,2.35,1.31,5,5,5,2,"VER,ADJ,NOM"
bulle,byl,bulle,NOM,8.11,2.99,5,5,3,1,"NOM,VER"
buste,byst,buste,NOM,2.44,2.02,5,5,4,1,NOM
butin,byt5,butin,NOM,6.35,6.27,5,5,4,2,NOM
bâche,baS,bâche,NOM,2.4,2.3,5,5,3,1,"NOM,VER"
bâton,bat§,bâton,NOM,18.11,13.4,5,5,4,2,NOM
bébés,bebe,bébé,NOM,191.63,17.81,5,0,4,2,NOM
bétel,betEl,bétel,NOM,2.94,2.94,5,4,4,2,NOM
béton,bet§,béton,NOM,6.41,6.41,5,5,4,2,NOM
bêtas,bEta,bêta,NOM,2.36,0.01,5,0,4,2,"ADJ,NOM"
bêtes,bEt,bête,NOM,67.67,23.82,5,0,3,1,"ADJ,NOM"
bûche,byS,bûche,NOM,2.91,2.09,5,5,3,1,"NOM,VER"
cacas,kaka,caca,NOM,3.09,0.04,5,0,4,2,NOM
cache,kaS,cache,NOM,4.33,3.88,5,5,3,1,"NOM,VER"
cadet,kadE,cadet,NOM,7.39,3.71,5,5,4,2,"ADJ,NOM"
cadre,kadR,cadre,NOM,13.53,10.98,5,5,4,1,"NOM,VER"
cafés,kafe,café,NOM,163.56,6.0,5,0,4,2,NOM
cages,kaZ,cage,NOM,18.3,1.69,5,0,3,1,NOM
cakes,kEk,cake,NOM,3.13,0.56,5,0,3,1,NOM
cales,kal,cale,NOM,4.08,1.08,5,0,3,1,"NOM,VER"
calme,kalm,calme,NOM,105.2,105.08,5,5,4,1,"ADJ,NOM,VER"
cames,kam,came,NOM,16.77,0.28,5,0,3,1,NOM
camps,k@,camp,NOM,114.93,9.01,5,0,2,1,NOM
camés,kame,camé,NOM,2.69,0.97,5,0,4,2,"VER,ADJ,NOM"
canal,kanal,canal,NOM,17.11,14.2,5,5,5,2,NOM
canes,kan,canard,NOM,23.85,0.13,5,0,3,1,NOM
canne,kan,canne,NOM,10.91,10.21,5,5,3,1,"NOM,VER"
canon,kan§,canon,NOM,22.22,14.89,5,5,4,2,"ADJ,NOM"
canot,kano,canot,NOM,4.58,3.31,5,5,4,2,NOM
capes,kap,cape,NOM,6.25,0.85,5,0,3,1,NOM
capos,kapo,capo,NOM,2.17,0.14,5,0,4,2,NOM
capot,kapo,capot,NOM,3.17,3.13,5,5,4,2,"ADJ,NOM"
cargo,kaRgo,cargo,NOM,5.17,4.18,5,5,5,2,NOM
carpe,kaRp,carpe,NOM,2.87,2.42,5,5,4,1,NOM
carré,kaRe,carré,NOM,3.85,3.48,5,5,4,2,"VER,ADJ,NOM"
carte,kaRt,carte,NOM,144.96,96.11,5,5,4,1,NOM
cases,kaz,case,NOM,5.18,0.78,5,0,3,1,"NOM,VER"
casse,kas,casse,NOM,13.62,12.42,5,5,3,1,"NOM,VER"
catch,katS,catch,NOM,2.47,2.47,5,5,4,1,NOM
catin,kat5,catin,NOM,2.83,2.21,5,5,4,2,NOM
cause,koz,cause,NOM,218.6,213.51,5,5,3,1,"NOM,VER"
caves,kav,cave,NOM,22.4,2.42,5,0,3,1,"ADJ,NOM"
caïds,kaid,caïd,NOM,2.63,0.44,5,0,4,2,NOM
cerfs,sER,cerf,NOM,7.56,1.39,5,0,3,1,NOM
cesse,sEs,cesse,NOM,28.88,28.86,5,5,3,1,"NOM,VER"
chair,SER,chair,NOM,37.07,36.01,5,5,3,1,"ADJ,NOM"
champ,S@,champ,NOM,57.22,38.05,5,5,2,1,NOM
chant,S@,chant,NOM,25.9,17.64,5,5,2,1,NOM
chaos,kao,chaos,NOM,11.3,11.3,5,5,3,2,NOM
chars,SaR,char,NOM,11.86,3.27,5,0,3,1,NOM
chats,Sa,chat,NOM,93.0,16.0,5,0,2,1,NOM
chaud,So,chaud,NOM,13.84,12.1,5,5,2,1,"ADJ,ADV,NOM"
chefs,SEf,chef,NOM,205.26,15.46,5,0,3,1,NOM
chics,Sik,chic,NOM,3.0,0.04,5,0,3,1,"ADJ,NOM"
chien,Sj5,chien,NOM,223.53,158.77,5,5,3,1,NOM
chili,Sili,chili,NOM,2.21,2.18,5,5,4,2,NOM
chiot,Sjo,chiot,NOM,5.67,3.98,5,5,3,1,NOM
chips,Sips,chips,NOM,6.72,6.72,5,5,4,1,NOM
chocs,SOk,choc,NOM,31.46,1.24,5,0,3,1,"ADJ,NOM"
choix,Swa,choix,NOM,113.35,113.35,5,5,3,1,NOM
chose,Soz,chose,NOM,1773.62,1321.79,5,5,3,1,NOM
choux,Su,chou,NOM,29.86,4.2,5,0,2,1,NOM
chute,Syt,chute,NOM,25.15,21.01,5,5,3,1,"NOM,VER"
châle,Sal,châle,NOM,2.23,2.08,5,5,3,1,NOM
chère,SER,cher,NOM,26.65,26.37,5,0,3,1,"ADJ,NOM"
chéri,SeRi,chéri,NOM,171.98,69.08,5,5,4,2,"ADJ,NOM,VER"
chêne,SEn,chêne,NOM,5.17,4.25,5,5,3,1,NOM
cible,sibl,cible,NOM,33.55,28.69,5,5,4,1,NOM
cidre,sidR,cidre,NOM,2.0,2.0,5,5,4,1,NOM
ciels,sjEl,ciel,NOM,142.32,0.1,5,0,4,1,NOM
cieux,sj2,cieux,NOM,20.05,20.05,5,4,3,1,NOM
cinés,sine,ciné,NOM,10.35,0.02,5,0,4,2,NOM
cires,siR,cire,NOM,5.59,0.1,5,0,3,1,"NOM,VER"
cités,site,cité,NOM,16.11,1.56,5,0,4,2,"VER,ADJ,NOM"
civil,sivil,civil,NOM,14.23,5.64,5,5,5,2,"ADJ,NOM"
clair,klER,clair,NOM,12.79,12.61,5,5,4,1,"ADJ,NOM"
clans,kl@,clan,NOM,8.83,1.22,5,0,3,1,NOM
clebs,klEps,clebs,NOM,2.0,2.0,5,4,5,1,NOM
clefs,kle,clef,NOM,24.32,9.72,5,0,3,1,NOM
clins,kl5,clin,NOM,3.97,0.34,5,0,3,1,NOM
clips,klip,clip,NOM,2.98,0.86,5,0,4,1,NOM
clodo,klodo,clodo,NOM,4.12,3.36,5,4,5,2,NOM
clone,klon,clone,NOM,3.49,2.48,5,5,4,1,"NOM,VER"
clope,klOp,clope,NOM,11.94,7.87,5,5,4,1,"NOM,VER"
clous,klu,clou,NOM,13.83,6.04,5,0,3,1,NOM
clubs,kl9b,club,NOM,67.51,5.52,5,0,4,1,NOM
coach,kotS,coach,NOM,7.37,7.33,5,5,4,1,NOM
cobra,kobRa,cobra,NOM,4.24,3.96,5,4,4,2,NOM
cocas,koka,coca,NOM,14.53,0.45,5,0,4,2,NOM
cocos,koko,coco,NOM,8.58,1.84,5,0,4,2,NOM
cocue,koky,cocu,NOM,3.78,0.12,5,0,4,2,"ADJ,NOM"
cocus,koky,cocu,NOM,3.78,0.5,5,0,4,2,"ADJ,NOM"
codes,kOd,code,NOM,51.27,7.42,5,0,3,1,"NOM,VER"
coeur,k9R,coeur,NOM,239.97,224.98,5,5,3,1,NOM
coing,kw5,coing,NOM,2.13,0.67,5,5,3,1,NOM
coins,kw5,coin,NOM,99.51,6.08,5,0,3,1,NOM
cokes,kok,coke,NOM,8.54,0.05,5,0,3,1,NOM
colis,koli,colis,NOM,7.5,7.5,5,5,4,2,NOM
colle,kOl,colle,NOM,8.11,7.95,5,5,3,1,"NOM,VER"
colon,kol§,colon,NOM,2.79,1.21,5,5,4,2,NOM
comas,koma,coma,NOM,12.66,0.08,5,0,4,2,NOM
comte,k§t,comte,NOM,27.36,12.89,5,5,3,1,NOM
comté,k§te,comté,NOM,11.64,10.96,5,5,4,2,NOM
congé,k§Ze,congé,NOM,20.74,18.16,5,5,4,2,NOM
conne,kOn,con,NOM,122.62,8.57,5,0,0,1,"ADJ,NOM"
conte,k§t,conte,NOM,13.3,8.84,5,5,3,1,"NOM,VER"
copie,kopi,copie,NOM,25.7,16.88,5,5,4,2,"NOM,VER"
coque,kOk,coque,NOM,5.0,4.6,5,5,3,1,NOM
corde,kORd,corde,NOM,38.57,28.89,5,5,4,1,"NOM,VER"
corne,kORn,corne,NOM,7.79,2.63,5,5,4,1,"NOM,VER"
corps,kOR,corps,NOM,250.15,250.15,5,5,3,1,NOM
cotes,kOt,cote,NOM,8.48,0.98,5,0,3,1,"NOM,VER"
coton,kot§,coton,NOM,10.09,10.06,5,5,4,2,NOM
coude,kud,coude,NOM,10.19,5.36,5,5,3,1,NOM
coupe,kup,coupe,NOM,33.02,29.16,5,5,3,1,"NOM,VER"
coups,ku,coup,NOM,471.82,82.33,5,0,2,1,NOM
cours,kuR,cours,NOM,143.05,143.05,5,5,3,1,"VER,NOM"
court,kuR,court,NOM,8.39,7.59,5,5,3,1,"VER,ADJ,ADV,NOM"
coûts,ku,coût,NOM,5.04,1.46,5,0,2,1,NOM
crabe,kRab,crabe,NOM,8.14,4.9,5,5,4,1,NOM
crack,kRak,crack,NOM,7.77,7.3,5,5,4,1,NOM
craie,kRE,craie,NOM,5.8,5.66,5,5,3,1,NOM
crans,kR@,cran,NOM,13.97,0.36,5,0,3,1,NOM
crash,kRaS,crash,NOM,6.68,6.68,5,5,4,1,NOM
creux,kR2,creux,NOM,2.83,2.83,5,5,3,1,"ADJ,NOM"
crime,kRim,crime,NOM,104.07,81.77,5,5,4,1,NOM
crise,kRiz,crise,NOM,50.15,43.51,5,5,4,1,NOM
crocs,kRo,croc,NOM,3.19,2.53,5,0,3,1,NOM
croix,kRwa,croix,NOM,29.1,29.1,5,5,4,1,NOM
crâne,kRan,crâne,NOM,28.6,26.88,5,5,4,1,"ADJ,NOM,VER"
crème,kREm,crème,NOM,20.61,19.72,5,4,4,1,"ADJ,NOM"
crève,kREv,crève,NOM,5.79,5.75,5,4,4,1,"VER,NOM"
crêpe,kREp,crêpe,NOM,8.44,3.27,5,5,4,1,"NOM,VER"
crête,kREt,crête,NOM,4.23,3.52,5,5,4,1,NOM
cubes,kyb,cube,NOM,2.81,1.24,5,0,3,1,"NOM,VER"
cuirs,k8iR,cuir,NOM,14.25,0.14,5,0,4,1,NOM
culot,kylo,culot,NOM,9.73,9.24,5,5,4,2,NOM
culte,kylt,culte,NOM,5.37,4.74,5,5,4,1,NOM
cures,kyR,cure,NOM,6.08,0.48,5,0,3,1,"NOM,VER"
curés,kyRe,curé,NOM,15.73,2.08,5,0,4,2,"VER,NOM"
cycle,sikl,cycle,NOM,8.2,5.69,5,5,4,1,NOM
cygne,siN,cygne,NOM,7.26,5.28,5,3,3,1,NOM
câble,kabl,câble,NOM,17.04,13.36,5,5,4,1,"NOM,VER"
câlin,kal5,câlin,NOM,6.38,4.11,5,5,4,2,"ADJ,NOM"
côtes,kot,côte,NOM,35.16,9.31,5,0,3,1,NOM
côtés,kote,côté,NOM,285.99,35.48,5,0,4,2,NOM
dague,dag,dague,NOM,2.46,2.19,5,5,3,1,NOM
dalle,dal,dalle,NOM,13.0,12.35,5,5,3,1,"NOM,VER"
dames,dam,dame,NOM,111.2,24.7,5,5,3,1,"NOM,VER"
damné,dane,damné,NOM,2.57,1.2,5,5,4,2,"VER,ADJ,NOM"
dandy,d@di,dandy,NOM,2.87,2.61,5,5,4,2,NOM
danse,d@s,danse,NOM,51.23,46.92,5,5,3,1,"NOM,VER"
dates,dat,date,NOM,31.41,4.53,5,0,3,1,"NOM,VER"
deals,dil,deal,NOM,8.76,0.71,5,0,3,1,NOM
degré,d°gRe,degré,NOM,21.3,7.93,5,3,3,2,NOM
delta,dElta,delta,NOM,6.59,6.5,5,5,5,2,NOM
demie,d°mi,demi,NOM,4.64,1.61,5,0,4,2,"ADJ,NOM"
demis,d°mi,demi,NOM,4.64,0.19,5,0,4,2,"ADJ,NOM"
dents,d@,dent,NOM,74.2,60.94,5,0,2,1,NOM
dette,dEt,dette,NOM,26.13,12.77,5,3,3,1,NOM
deuil,d9j,deuil,NOM,12.24,12.21,5,4,3,1,NOM
dieux,dj2,dieu,NOM,903.41,50.49,5,0,3,1,NOM
dinde,d5d,dinde,NOM,9.32,8.79,5,5,3,1,NOM
dires,diR,dire,NOM,53.88,1.94,5,0,3,1,NOM
divan,div@,divan,NOM,4.92,4.89,5,5,4,2,NOM
divas,diva,diva,NOM,4.16,0.56,5,0,4,2,NOM
docks,dOk,dock,NOM,3.1,2.18,5,0,3,1,NOM
dodos,dodo,dodo,NOM,7.53,0.01,5,0,4,2,NOM
doigt,dwa,doigt,NOM,85.69,39.83,5,5,3,1,NOM
donne,dOn,donne,NOM,25.03,23.73,5,5,3,1,"NOM,VER"
dopes,dOp,dope,NOM,7.47,0.0,5,0,3,1,"NOM,VER"
doses,doz,dose,NOM,18.44,4.21,5,0,3,1,"NOM,VER"
doute,dut,doute,NOM,108.18,97.51,5,5,3,1,"NOM,VER"
doyen,dwaj5,doyen,NOM,3.31,3.12,5,5,5,2,NOM
drame,dRam,drame,NOM,14.87,13.48,5,5,4,1,NOM
draps,dRa,drap,NOM,19.22,15.54,5,0,3,1,NOM
droit,dRwa,droit,NOM,207.62,175.6,5,5,4,1,"ADJ,ADV,NOM"
drôle,dRol,drôle,NOM,18.73,13.59,5,5,4,1,"ADJ,NOM"
duces,dutSe,duce,NOM,2.21,0.0,5,0,4,2,NOM
ducon,dyk§,ducon,NOM,6.86,6.86,5,4,4,2,NOM
duels,d8El,duel,NOM,7.54,1.37,5,0,4,1,NOM
dunes,dyn,dune,NOM,3.96,2.41,5,0,3,1,NOM
dures,dyR,dure,NOM,3.69,0.37,5,0,3,1,"ADJ,NOM,VER"
durée,dyRe,durée,NOM,6.86,6.84,5,4,4,2,"VER,NOM"
débat,deba,débat,NOM,10.7,7.77,5,5,4,2,"NOM,VER"
début,deby,début,NOM,114.31,109.88,5,5,4,2,NOM
décor,dekOR,décor,NOM,8.38,6.01,5,5,5,2,NOM
décès,desE,décès,NOM,12.82,12.82,5,4,4,2,NOM
défis,defi,défi,NOM,12.24,2.02,5,0,4,2,"VER,NOM"
dégât,dega,dégât,NOM,14.22,0.95,5,4,4,2,NOM
délai,delE,délai,NOM,11.04,8.94,5,5,4,2,NOM
délit,deli,délit,NOM,13.52,11.35,5,5,4,2,NOM
démon,dem§,démon,NOM,61.0,39.71,5,5,4,2,NOM
dépit,depi,dépit,NOM,5.82,5.82,5,5,4,2,NOM
dépôt,depo,dépôt,NOM,13.2,11.9,5,5,4,2,NOM
désir,deziR,désir,NOM,45.35,31.59,5,5,5,2,NOM
dîner,dine,dîner,NOM,88.45,84.73,5,5,4,2,"ADJ,NOM,VER"
effet,efE,effet,NOM,116.75,99.17,5,5,3,2,NOM
elfes,Elf,elfe,NOM,3.26,1.87,5,0,3,1,NOM
encre,@kR,encre,NOM,6.81,6.49,5,5,3,1,"NOM,VER"
enfer,@fER,enfer,NOM,88.86,86.02,5,5,4,2,NOM
engin,@Z5,engin,NOM,11.25,9.41,5,5,3,2,NOM
enjeu,@Z2,enjeu,NOM,4.67,3.52,5,4,3,2,NOM
ennui,@n8i,ennui,NOM,76.64,14.76,5,5,4,2,NOM
envie,@vi,envie,NOM,213.96,210.62,5,5,3,2,"NOM,VER"
envoi,@vwa,envoi,NOM,4.46,3.47,5,5,4,2,NOM
envol,@vOl,envol,NOM,2.5,2.48,5,5,3,2,NOM
essai,esE,essai,NOM,28.78,20.31,5,5,3,2,NOM
euros,2Ro,euro,NOM,9.84,8.99,5,0,3,2,NOM
exams,Egzam,exam,NOM,3.08,1.01,5,0,5,2,NOM
excès,EksE,excès,NOM,7.67,7.67,5,4,4,2,NOM
exils,Egzil,exil,NOM,6.04,0.14,5,0,5,2,NOM
exilé,Egzile,exilé,NOM,2.23,0.88,5,5,6,3,"VER,ADJ,NOM"
expos,Ekspo,expo,NOM,3.77,0.51,5,0,5,2,NOM
extra,EkstRa,extra,NOM,4.93,3.88,5,5,6,2,"ADJ,NOM"
fable,fabl,fable,NOM,2.59,1.79,5,5,4,1,NOM
faces,fas,face,NOM,125.32,0.98,5,0,3,1,NOM
faims,f5,faim,NOM,128.04,0.55,5,0,2,1,NOM
faits,fE,fait,NOM,412.07,27.36,5,0,2,1,"VER,ADJ,NOM"
farce,faRs,farce,NOM,9.35,7.45,5,5,4,1,"NOM,VER"
faute,fot,faute,NOM,169.26,163.19,5,5,3,1,"NOM,VER"
fauve,fov,fauve,NOM,3.61,1.26,5,5,3,1,"ADJ,NOM"
façon,fas§,façon,NOM,230.48,212.6,5,5,4,2,NOM
faîte,fEt,faîte,NOM,56.42,56.42,5,5,3,1,NOM
femme,fam,femme,NOM,1049.32,806.57,5,5,3,1,NOM
fente,f@t,fente,NOM,3.93,3.61,5,5,3,1,NOM
ferme,fERm,ferme,NOM,76.86,73.53,5,5,4,1,"ADJ,ADV,NOM,VER"
ferry,fERi,ferry,NOM,2.12,1.98,5,5,4,2,NOM
fesse,fEs,fesse,NOM,36.32,1.81,5,5,3,1,"NOM,VER"
fibre,fibR,fibre,NOM,6.65,2.67,5,5,4,1,NOM
fiche,fiS,fiche,NOM,10.46,7.45,5,5,3,1,"NOM,VER"
fiefs,fjEf,fief,NOM,3.38,0.16,5,0,4,1,NOM
figue,fig,figue,NOM,7.38,3.44,5,5,3,1,NOM
files,fil,file,NOM,22.88,0.64,5,0,3,1,"NOM,VER"
filet,filE,filet,NOM,15.44,10.99,5,5,4,2,NOM
fille,fij,fille,NOM,841.56,627.59,5,5,3,1,NOM
films,film,film,NOM,252.66,57.56,5,0,4,1,NOM
filon,fil§,filon,NOM,5.61,1.77,5,5,4,2,NOM
filou,filu,filou,NOM,2.48,1.79,5,5,4,2,NOM
final,final,final,NOM,3.76,3.74,5,5,5,2,"ADJ,NOM"
firme,fiRm,firme,NOM,4.32,4.07,5,5,4,1,NOM
flair,flER,flair,NOM,2.32,2.32,5,5,4,1,NOM
flanc,fl@,flanc,NOM,5.57,4.01,5,5,3,1,NOM
flans,fl@,flan,NOM,2.36,0.05,5,0,3,1,NOM
flash,flaS,flash,NOM,8.52,7.78,5,5,4,1,NOM
fleur,fl9R,fleur,NOM,99.75,25.2,5,5,4,1,NOM
flics,flik,flic,NOM,153.5,85.97,5,0,4,1,NOM
flirt,fl9Rt,flirt,NOM,2.29,1.98,5,5,5,1,NOM
flots,flo,flot,NOM,10.28,5.62,5,0,3,1,NOM
fléau,fleo,fléau,NOM,5.1,4.47,5,4,4,2,NOM
flûte,flyt,flûte,NOM,10.13,9.11,5,5,4,1,NOM
foies,fwa,foie,NOM,23.48,1.21,5,0,3,1,NOM
foins,fw5,foin,NOM,6.73,0.67,5,0,3,1,NOM
foire,fwaR,foire,NOM,11.83,11.11,5,5,4,1,"NOM,VER"
folie,foli,folie,NOM,52.39,49.01,5,5,4,2,NOM
folle,fOl,fou,NOM,94.17,18.74,5,0,3,1,"ADJ,NOM"
fonds,f§,fonds,NOM,15.1,15.1,5,5,2,1,"VER,NOM"
force,fORs,force,NOM,151.96,108.29,5,5,4,1,"ADJ:ind,NOM,VER"
forme,fORm,forme,NOM,94.19,82.61,5,5,4,1,"NOM,VER"
forts,fOR,fort,NOM,13.49,2.11,5,0,3,1,"ADJ,NOM"
forêt,foRE,forêt,NOM,34.94,29.57,5,4,4,2,NOM
fosse,fOs,fosse,NOM,7.92,6.64,5,5,3,1,NOM
fossé,fose,fossé,NOM,4.71,4.1,5,5,4,2,NOM
fouet,fwE,fouet,NOM,8.56,7.92,5,5,3,1,NOM
foule,ful,foule,NOM,27.81,25.95,5,5,3,1,"NOM,VER"
fours,fuR,four,NOM,15.44,1.48,5,0,3,1,NOM
foyer,fwaje,foyer,NOM,28.95,25.57,5,4,5,2,"ADJ,NOM"
frais,fRE,frais,NOM,26.81,26.16,5,5,3,1,"ADJ,ADV,NOM"
franc,fR@,franc,NOM,17.64,1.21,5,5,3,1,"ADJ,ADV,NOM"
frein,fR5,frein,NOM,10.25,4.87,5,5,3,1,NOM
frics,fRik,fric,NOM,109.01,0.02,5,0,4,1,NOM
frigo,fRigo,frigo,NOM,19.29,19.07,5,5,5,2,NOM
frite,fRit,frite,NOM,9.33,0.66,5,5,4,1,"ADJ,NOM"
frocs,fROk,froc,NOM,6.92,0.31,5,0,4,1,NOM
froid,fRwa,froid,NOM,29.11,28.73,5,5,4,1,"ADJ,NOM"
front,fR§,front,NOM,41.03,38.81,5,5,3,1,NOM
fruit,fR8i,fruit,NOM,39.45,15.99,5,5,4,1,NOM
frère,fRER,frère,NOM,390.39,311.45,5,3,4,1,NOM
fugue,fyg,fugue,NOM,4.16,3.61,5,5,3,1,"NOM,VER"
fuite,f8it,fuite,NOM,29.09,26.02,5,5,4,1,NOM
fulls,ful,full,NOM,2.28,0.01,5,0,3,1,NOM
fumée,fyme,fumée,NOM,20.25,19.91,5,5,4,2,"VER,ADJ,NOM"
furie,fyRi,furie,NOM,2.58,2.05,5,5,4,2,NOM
fusil,fyzi,fusil,NOM,48.61,36.52,5,5,4,2,NOM
fusée,fyze,fusée,NOM,10.09,6.0,5,4,4,2,"VER,NOM"
futur,fytyR,futur,NOM,26.33,25.73,5,5,5,2,"ADJ,NOM"
futée,fyte,futé,NOM,3.47,0.64,5,0,4,2,"ADJ,NOM"
futés,fyte,futé,NOM,3.47,0.32,5,0,4,2,"ADJ,NOM"
fêtes,fEt,fête,NOM,155.97,17.94,5,0,3,1,"NOM,VER"
gaffe,gaf,gaffe,NOM,34.68,33.92,5,5,3,1,"NOM,VER"
gages,gaZ,gage,NOM,15.31,6.06,5,0,3,1,"NOM,VER"
gaine,gEn,gaine,NOM,2.15,1.16,5,5,3,1,NOM
gains,g5,gain,NOM,5.6,3.02,5,0,2,1,NOM
galas,gala,gala,NOM,3.9,0.59,5,0,4,2,NOM
gales,gal,gale,NOM,3.52,0.03,5,0,3,1,NOM
galon,gal§,galon,NOM,3.16,0.89,5,5,4,2,NOM
galop,galo,galop,NOM,2.83,2.83,5,5,4,2,NOM
gamin,gam5,gamin,NOM,92.22,55.94,5,5,4,2,"ADJ,NOM"
gamme,gam,gamme,NOM,3.22,2.67,5,5,3,1,NOM
gangs,g@g,gang,NOM,17.48,5.05,5,0,3,1,NOM
gants,g@,gant,NOM,25.02,15.16,5,0,2,1,NOM
garce,gaRs,garce,NOM,21.71,20.25,5,5,4,1,NOM
garde,gaRd,garde,NOM,104.47,76.76,5,5,4,1,"NOM,VER"
gares,gaR,gare,NOM,42.15,1.87,5,0,3,1,"NOM,VER"
gazon,gaz§,gazon,NOM,3.81,3.58,5,5,4,2,NOM
gelée,Z°le,gelée,NOM,4.31,3.92,5,5,4,2,"VER,NOM"
genou,Z°nu,genou,NOM,54.24,11.43,5,5,4,2,NOM
genre,Z@R,genre,NOM,221.51,219.66,5,5,3,1,NOM
gerbe,ZERb,gerbe,NOM,2.06,1.69,5,5,4,1,"NOM,VER"
geste,ZEst,geste,NOM,40.78,31.41,5,5,4,1,NOM
gifle,Zifl,gifle,NOM,4.47,3.6,5,5,4,1,"NOM,VER"
gilet,ZilE,gilet,NOM,6.06,5.13,5,5,4,2,NOM
girls,g9Rl,girl,NOM,7.47,3.06,5,0,4,1,NOM
gitan,Zit@,gitan,NOM,7.5,1.6,5,4,4,2,"ADJ,NOM"
glace,glas,glace,NOM,66.82,58.09,5,5,4,1,"NOM,VER"
gland,gl@,gland,NOM,2.95,2.14,5,5,3,1,NOM
globe,glOb,globe,NOM,4.21,3.17,5,5,4,1,NOM
gnome,gnom,gnome,NOM,2.95,2.36,5,4,4,1,NOM
gnôle,Nol,gnôle,NOM,3.24,3.24,5,3,3,1,NOM
gogos,gogo,gogo,NOM,2.19,0.35,5,0,4,2,NOM
golfs,gOlf,golf,NOM,14.14,0.09,5,0,4,1,NOM
gombo,g§bo,gombo,NOM,2.44,2.0,5,4,3,2,NOM
gomme,gOm,gomme,NOM,3.81,3.21,5,5,3,1,"NOM,VER"
gongs,g§g,gong,NOM,2.41,0.06,5,0,3,1,NOM
gorge,gORZ,gorge,NOM,30.87,29.57,5,5,4,1,"NOM,VER"
gosse,gOs,gosse,NOM,109.96,62.92,5,5,3,1,NOM
goûts,gu,goût,NOM,57.94,7.43,5,0,2,1,NOM
grade,gRad,grade,NOM,6.44,5.78,5,5,4,1,NOM
grain,gR5,grain,NOM,14.32,10.74,5,5,3,1,NOM
grand,gR@,grand,NOM,92.25,68.73,5,5,3,1,"ADJ,ADV,NOM"
grave,gRav,grave,NOM,2.46,2.34,5,5,4,1,"ADJ,NOM,VER"
grecs,gREk,grec,NOM,11.36,4.58,5,0,4,1,"ADJ,NOM"
group,gRup,group,NOM,7.65,7.41,5,5,4,1,NOM
grues,gRy,grue,NOM,4.76,1.22,5,0,3,1,NOM
grâce,gRas,grâce,NOM,34.59,32.08,5,3,4,1,"NOM,ONO,PRE"
grève,gREv,grève,NOM,15.87,14.54,5,4,4,1,"VER,NOM"
guets,gE,guet,NOM,3.29,0.0,5,0,2,1,NOM
gueux,g2,gueux,NOM,2.87,2.14,5,5,2,1,NOM
guide,gid,guide,NOM,17.52,14.69,5,5,3,1,"NOM,VER"
guise,giz,guise,NOM,6.26,6.26,5,5,3,1,NOM
guêpe,gEp,guêpe,NOM,3.37,2.73,5,5,3,1,NOM
gènes,ZEn,gène,NOM,8.07,3.9,5,0,3,1,NOM
géant,Ze@,géant,NOM,11.67,6.71,5,3,3,2,"ADJ,NOM"
génie,Zeni,génie,NOM,38.01,34.65,5,5,4,2,NOM
gênes,ZEn,gêne,NOM,3.62,0.62,5,0,3,1,"NOM,VER"
habit,abi,habit,NOM,27.64,8.34,5,5,3,2,NOM
hache,aS,hache,NOM,10.23,8.73,5,5,2,1,"NOM,VER"
haies,E,haie,NOM,3.36,0.76,5,0,1,1,NOM
haine,En,haine,NOM,33.1,31.49,5,5,2,1,NOM
halls,ol,hall,NOM,9.9,0.17,5,0,2,1,NOM
halte,alt,halte,NOM,3.77,3.73,5,5,3,1,"NOM,ONO,VER"
hasch,aS,hasch,NOM,2.16,2.16,5,5,2,1,NOM
hauts,o,haut,NOM,77.86,2.63,5,0,1,1,"ADJ,NOM"
herbe,ERb,herbe,NOM,34.81,27.64,5,5,3,1,NOM
heure,9R,heure,NOM,709.79,415.4,5,5,2,1,NOM
hibou,ibu,hibou,NOM,5.01,4.08,5,4,3,2,NOM
hiver,ivER,hiver,NOM,38.96,37.44,5,5,4,2,NOM
hobby,Obi,hobby,NOM,3.11,2.5,5,4,3,2,NOM
homes,om,home,NOM,4.0,0.24,5,0,2,1,NOM
homme,Om,homme,NOM,1123.55,781.11,5,5,2,1,NOM
homos,omo,homo,NOM,4.51,2.31,5,0,3,2,"ADJ,NOM"
honte,§t,honte,NOM,103.4,103.26,5,5,2,1,NOM
horde,ORd,horde,NOM,2.95,2.33,5,4,3,1,NOM
hosto,Osto,hosto,NOM,5.74,5.69,5,5,4,2,NOM
house,awz,house,NOM,4.74,4.74,5,5,3,1,NOM
huile,8il,huile,NOM,22.68,20.23,5,5,3,1,"NOM,VER"
hutte,yt,hutte,NOM,3.9,3.25,5,5,2,1,NOM
hymen,imEn,hymen,NOM,2.05,2.05,5,4,4,2,NOM
hymne,imn,hymne,NOM,6.25,5.37,5,4,3,1,NOM
hyène,jEn,hyène,NOM,2.37,1.64,5,3,3,1,NOM
hâtes,at,hâte,NOM,18.83,0.0,5,0,2,1,"NOM,VER"
héros,eRo,héros,NOM,76.58,66.17,5,5,3,2,NOM
hôtel,otEl,hôtel,NOM,114.67,107.73,5,5,4,2,NOM
hôtes,ot,hôte,NOM,19.43,6.0,5,0,2,1,NOM
idiot,idjo,idiot,NOM,90.57,55.73,5,5,4,2,"ADJ,NOM"
idole,idOl,idole,NOM,5.43,4.77,5,5,3,2,NOM
idéal,ideal,idéal,NOM,11.22,8.0,5,5,5,3,"ADJ,NOM"
idées,ide,idée,NOM,389.77,59.38,5,0,3,2,NOM
image,imaZ,image,NOM,82.13,51.34,5,5,4,2,"NOM,VER"
imper,5pER,imper,NOM,2.08,1.95,5,5,4,2,NOM
impôt,5po,impôt,NOM,15.14,2.67,5,4,3,2,NOM
index,5dEks,index,NOM,2.18,2.18,5,5,5,2,NOM
indic,5dik,indic,NOM,5.36,4.33,5,5,4,2,NOM
infos,5fo,info,NOM,25.5,18.78,5,0,3,2,NOM
islam,islam,islam,NOM,2.84,2.84,5,5,5,2,NOM
issue,isy,issue,NOM,16.52,13.7,5,5,3,2,"ADJ,NOM"
jacks,Zak,jack,NOM,2.26,0.4,5,0,3,1,NOM
jambe,Z@b,jambe,NOM,113.82,46.31,5,5,3,1,NOM
jaune,Zon,jaune,NOM,7.88,6.43,5,5,3,1,"ADJ,NOM"
jeans,dZins,jean,NOM,6.55,2.93,5,0,0,1,NOM
jeeps,dZip,jeep,NOM,4.65,0.47,5,0,4,1,NOM
jeter,Z°te,jeter,NOM,2.62,2.62,5,5,4,2,"NOM,VER"
jeton,Z°t§,jeton,NOM,10.27,2.88,5,4,4,2,NOM
jetée,Z°te,jetée,NOM,3.43,3.26,5,5,4,2,"VER,ADJ,NOM"
jeudi,Z2di,jeudi,NOM,26.09,24.58,5,4,3,2,NOM
jeune,Z9n,jeune,NOM,54.68,18.16,5,5,3,1,"ADJ,NOM"
joies,Zwa,joie,NOM,75.09,4.03,5,0,3,1,NOM
joint,Zw5,joint,NOM,8.38,5.78,5,5,3,1,"VER,ADJ,NOM"
joker,ZokER,joker,NOM,3.54,3.44,5,4,5,2,NOM
joues,Zu,joue,NOM,32.28,6.72,5,0,2,1,"NOM,VER"
jouet,ZwE,jouet,NOM,25.5,11.82,5,5,3,1,NOM
jougs,Zu,joug,NOM,2.48,0.01,5,0,2,1,NOM
jours,ZuR,jour,NOM,1061.92,426.7,5,0,3,1,NOM
joyau,Zwajo,joyau,NOM,3.6,2.67,5,4,5,2,NOM
juges,ZyZ,juge,NOM,66.45,10.06,5,0,3,1,"NOM,VER"
juifs,Z8if,juif,NOM,45.32,29.03,5,0,4,1,"ADJ,NOM"
juive,Z8iv,juif,NOM,45.32,1.45,5,0,0,1,"ADJ,NOM"
jules,Zyl,jules,NOM,4.13,4.13,5,5,3,1,NOM
jupes,Zyp,jupe,NOM,12.76,2.64,5,0,3,1,NOM
jupon,Zyp§,jupon,NOM,3.0,1.35,5,5,4,2,NOM
juron,ZyR§,juron,NOM,2.1,0.42,5,4,4,2,NOM
jurys,ZyRi,jury,NOM,18.8,0.15,5,0,4,2,NOM
jurée,ZyRe,juré,NOM,8.82,0.04,5,0,4,2,"VER,ADJ,NOM"
jurés,ZyRe,juré,NOM,8.82,5.59,5,0,4,2,"VER,ADJ,NOM"
juste,Zyst,juste,NOM,18.73,17.36,5,5,4,1,"ADJ,ADV,NOM"
jésus,Zezy,jésus,NOM,8.19,8.19,5,5,4,2,NOM
karma,kaRma,karma,NOM,10.73,10.73,5,5,5,2,NOM
keufs,k9f,keuf,NOM,2.83,1.83,5,0,3,1,NOM
kilos,kilo,kilo,NOM,22.54,17.35,5,0,4,2,NOM
képis,kepi,képi,NOM,2.39,0.55,5,0,3,2,NOM
labos,labo,labo,NOM,29.95,1.6,5,0,4,2,NOM
lacet,lasE,lacet,NOM,4.4,0.83,5,5,4,2,NOM
ladys,lEjdiz,lady,NOM,13.48,0.01,5,0,6,2,NOM
laine,lEn,laine,NOM,6.41,6.27,5,5,3,1,NOM
laits,lE,lait,NOM,59.62,0.21,5,0,2,1,NOM
lamas,lama,lama,NOM,2.13,0.9,5,0,4,2,"NOM,VER"
lames,lam,lame,NOM,14.22,3.17,5,0,3,1,NOM
lampe,l@p,lampe,NOM,25.86,22.22,5,5,3,1,"NOM,VER"
lance,l@s,lance,NOM,13.27,12.2,5,5,3,1,"NOM,VER"
lands,l@d,land,NOM,2.77,0.21,5,0,3,1,NOM
lapin,lap5,lapin,NOM,39.28,26.59,5,5,4,2,NOM
lapon,lap§,lapon,NOM,2.21,2.21,5,4,4,2,"ADJ,NOM"
lards,laR,lard,NOM,8.62,0.13,5,0,3,1,NOM
large,laRZ,large,NOM,8.63,8.38,5,5,4,1,"ADJ,NOM"
larme,laRm,larme,NOM,45.71,5.15,5,5,4,1,NOM
larve,laRv,larve,NOM,3.52,1.92,5,5,4,1,NOM
laser,lazER,laser,NOM,7.87,5.87,5,4,4,2,NOM
latin,lat5,latin,NOM,6.62,6.53,5,5,4,2,"ADJ,NOM"
laves,lav,lave,NOM,3.13,0.13,5,0,3,1,"NOM,VER"
lever,l°ve,lever,NOM,4.92,4.76,5,5,4,2,"NOM,VER"
leçon,l°s§,leçon,NOM,41.48,29.24,5,3,3,2,NOM
liens,lj5,lien,NOM,35.89,12.42,5,0,3,1,NOM
lieus,lj2,lieu,NOM,182.0,0.15,5,0,3,1,NOM
lieux,lj2,lieu,NOM,182.0,28.73,5,0,3,1,NOM
ligne,liN,ligne,NOM,89.83,69.42,5,5,3,1,NOM
ligue,lig,ligue,NOM,2.97,2.74,5,5,3,1,"NOM,VER"
lilas,lila,lilas,NOM,2.28,2.28,5,4,4,2,"ADJ,NOM"
linge,l5Z,linge,NOM,17.04,16.75,5,5,3,1,NOM
lions,lj§,lion,NOM,20.86,5.33,5,0,3,1,"VER,NOM"
lires,liR,lire,NOM,28.88,18.98,5,0,3,1,NOM
liste,list,liste,NOM,71.56,69.07,5,5,4,1,NOM
litre,litR,litre,NOM,10.19,2.75,5,5,4,1,NOM
livre,livR,livre,NOM,198.11,112.43,5,5,4,1,"NOM,VER"
lobes,lOb,lobe,NOM,3.58,0.74,5,0,3,1,NOM
local,lokal,local,NOM,5.78,3.55,5,5,5,2,"ADJ,NOM"
loges,lOZ,loge,NOM,13.69,1.54,5,0,3,1,"NOM,VER"
logis,loZi,logis,NOM,2.7,2.7,5,5,4,2,NOM
longs,l§,long,NOM,21.79,0.32,5,0,2,1,"ADJ,NOM"
looks,luks,look,NOM,10.93,0.46,5,0,0,1,NOM
loque,lOk,loque,NOM,2.2,1.72,5,5,3,1,NOM
loser,loze,loser,NOM,4.77,3.27,5,4,4,2,NOM
lotos,loto,loto,NOM,6.75,0.0,5,0,4,2,NOM
louis,lwi,louis,NOM,5.01,5.01,5,5,3,1,"ADV,NOM"
loups,lu,loup,NOM,30.42,8.41,5,0,2,1,NOM
louve,luv,loup,NOM,30.42,1.02,5,0,0,1,NOM
loyer,lwaje,loyer,NOM,17.18,16.2,5,4,5,2,NOM
lubie,lybi,lubie,NOM,2.41,1.37,5,4,4,2,NOM
lueur,l89R,lueur,NOM,6.65,5.37,5,4,3,1,NOM
lundi,l1di,lundi,NOM,36.94,36.01,5,4,3,2,NOM
lunes,lyn,lune,NOM,61.02,2.74,5,0,3,1,NOM
lutin,lyt5,lutin,NOM,2.14,1.45,5,5,4,2,"ADJ,NOM"
lutte,lyt,lutte,NOM,23.18,22.0,5,5,3,1,"NOM,VER"
luxes,lyks,luxe,NOM,15.62,0.2,5,0,4,1,NOM
lycée,lise,lycée,NOM,42.56,41.96,5,5,4,2,NOM
lâche,laS,lâche,NOM,27.16,19.51,5,5,3,1,"ADJ,NOM,VER"
lèvre,lEvR,lèvre,NOM,37.91,4.0,5,3,4,1,NOM
macho,matSo,macho,NOM,3.19,2.34,5,5,5,2,"ADJ,NOM"
mafia,mafja,mafia,NOM,11.56,11.34,5,5,5,2,NOM
magie,maZi,magie,NOM,25.66,25.58,5,5,4,2,NOM
magot,mago,magot,NOM,2.24,2.24,5,5,4,2,NOM
mails,mEjl,mail,NOM,3.29,1.05,5,0,4,1,NOM
mains,m5,main,NOM,499.6,212.97,5,0,2,1,NOM
maire,mER,maire,NOM,28.17,27.91,5,5,3,1,NOM
major,maZOR,major,NOM,16.95,16.45,5,5,5,2,NOM
malin,mal5,malin,NOM,22.67,19.43,5,5,4,2,"ADJ,NOM"
malle,mal,malle,NOM,7.96,6.53,5,5,3,1,NOM
maman,mam@,maman,NOM,540.21,537.44,5,5,4,2,NOM
mamie,mami,mamie,NOM,18.66,18.56,5,4,4,2,NOM
mamma,mamma,mamma,NOM,2.27,2.27,5,5,4,2,NOM
manie,mani,manie,NOM,6.63,5.42,5,5,4,2,"NOM,VER"
manif,manif,manif,NOM,4.98,3.33,5,5,5,2,NOM
mardi,maRdi,mardi,NOM,23.65,22.38,5,4,4,2,NOM
mares,maR,mare,NOM,3.78,0.12,5,0,3,1,NOM
marge,maRZ,marge,NOM,14.4,14.21,5,5,4,1,NOM
marin,Mar5,marin,NOM,13.96,8.48,5,5,4,2,"ADJ,NOM"
maris,maRi,mari,NOM,264.15,9.23,5,0,4,2,NOM
marié,maRje,marié,NOM,37.11,9.73,5,5,5,2,"VER,ADJ,NOM"
marks,maRk,mark,NOM,13.24,11.93,5,0,4,1,NOM
marée,maRe,marée,NOM,6.31,5.21,5,5,4,2,NOM
masse,mas,masse,NOM,16.73,11.64,5,5,3,1,"NOM,VER"
match,matS,match,NOM,63.48,58.26,5,5,4,1,NOM
maths,mat,maths,NOM,10.66,10.66,5,5,3,1,NOM
matin,mat5,matin,NOM,275.01,265.03,5,5,4,2,NOM
matos,matos,matos,NOM,5.72,5.72,5,5,4,2,NOM
maçon,mas§,maçon,NOM,3.79,3.48,5,5,4,2,NOM
media,medja,media,NOM,7.72,7.72,5,5,5,2,NOM
melon,m°l§,melon,NOM,7.11,4.92,5,4,3,2,NOM
menus,m°ny,menu,NOM,11.15,1.28,5,0,4,2,"ADJ,NOM"
merci,mERsi,merci,NOM,379.38,378.44,5,5,5,2,"NOM,ONO"
merde,mERd,merde,NOM,213.05,206.68,5,5,4,1,"NOM,ONO,VER"
merle,mERl,merle,NOM,2.24,1.8,5,5,4,1,NOM
messe,mEs,messe,NOM,18.36,16.14,5,5,3,1,NOM
meufs,m9f,meuf,NOM,8.29,2.08,5,0,3,1,NOM
meute,m2t,meute,NOM,2.45,2.25,5,4,3,1,NOM
miche,miS,miche,NOM,2.2,0.7,5,5,3,1,NOM
micro,mikRo,micro,NOM,15.03,11.25,5,5,5,2,NOM
midis,midi,midi,NOM,35.19,0.04,5,0,4,2,NOM
miels,mjEl,miel,NOM,17.36,0.03,5,0,4,1,NOM
mieux,mj2,mieux,NOM,54.12,54.12,5,5,3,1,"ADV,NOM"
miles,majls,mile,NOM,8.34,7.44,5,0,0,1,NOM
mille,mil,mille,NOM,29.63,26.16,5,5,3,1,"ADJ:num,NOM"
mimes,mim,mime,NOM,5.35,0.25,5,0,3,1,NOM
mines,min,mine,NOM,48.08,11.24,5,0,3,1,"NOM,VER"
minet,minE,minet,NOM,7.09,2.22,5,5,4,2,NOM
minou,minu,minou,NOM,7.0,6.46,5,5,4,2,NOM
minus,minys,minus,NOM,8.35,8.35,5,5,5,2,NOM
mises,miz,mise,NOM,32.05,2.27,5,0,3,1,"VER,ADJ,NOM"
modes,mOd,mode,NOM,31.67,0.89,5,0,3,1,NOM
moine,mwan,moine,NOM,11.82,8.21,5,5,4,1,NOM
moins,mw5,moins,NOM,10.35,10.35,5,5,3,1,"ADV,NOM"
momie,momi,momi,NOM,2.47,2.47,5,5,4,2,NOM
momie,momi,momie,NOM,2.18,1.42,5,5,4,2,NOM
monde,m§d,monde,NOM,830.72,823.62,5,5,3,1,NOM
monts,m§,mont,NOM,12.63,3.59,5,0,2,1,NOM
moral,moRal,moral,NOM,10.27,10.17,5,5,5,2,"ADJ,NOM"
morse,mORs,morse,NOM,3.5,3.5,5,5,4,1,NOM
morte,mORt,mort,NOM,460.05,8.44,5,0,0,1,"ADJ,NOM,VER"
morts,mOR,mort,NOM,460.05,78.09,5,0,3,1,"ADJ,NOM,VER"
morue,moRy,morue,NOM,3.67,3.46,5,5,4,2,NOM
motel,motEl,motel,NOM,9.43,8.62,5,5,5,2,NOM
motif,motif,motif,NOM,16.56,12.2,5,5,5,2,NOM
motos,moto,moto,NOM,25.23,2.62,5,0,4,2,NOM
moule,mul,moule,NOM,6.12,3.56,5,5,3,1,"NOM,VER"
moyen,mwaj5,moyen,NOM,83.47,53.27,5,5,5,2,"ADJ,NOM"
muets,m8E,muet,NOM,3.43,0.76,5,0,3,1,"ADJ,NOM"
mules,myl,mule,NOM,9.62,2.33,5,0,3,1,NOM
mulet,mylE,mulet,NOM,3.67,3.19,5,5,4,2,NOM
muses,myz,muse,NOM,2.42,0.6,5,0,3,1,NOM
musée,myze,musée,NOM,20.7,18.59,5,5,4,2,"VER,NOM"
mythe,mit,mythe,NOM,6.26,5.17,5,5,3,1,NOM
mâles,mal,mâle,NOM,11.72,2.76,5,0,3,1,"ADJ,NOM"
mèche,mES,mèche,NOM,9.87,8.21,5,3,3,1,NOM
mères,mER,mère,NOM,686.79,14.79,5,0,3,1,NOM
mètre,mEtR,mètre,NOM,43.49,6.03,5,3,4,1,"NOM,VER"
média,medja,média,NOM,10.23,0.77,5,5,5,2,NOM
mégot,mego,mégot,NOM,2.66,1.2,5,5,4,2,NOM
mémos,memo,mémo,NOM,3.21,0.49,5,0,4,2,NOM
mémés,meme,mémé,NOM,8.21,0.06,5,0,4,2,NOM
métal,metal,métal,NOM,14.36,12.16,5,5,5,2,NOM
métis,metis,métis,NOM,2.12,1.91,5,5,5,2,"ADJ,NOM"
métro,metRo,métro,NOM,18.17,17.66,5,5,5,2,NOM
météo,meteo,météo,NOM,8.9,8.9,5,5,5,3,NOM
mômes,mom,môme,NOM,28.15,9.28,5,0,3,1,NOM
nabot,nabo,nabot,NOM,2.1,2.01,5,4,4,2,NOM
nages,naZ,nage,NOM,5.42,0.05,5,0,3,1,"NOM,VER"
naine,nEn,nain,NOM,13.9,0.63,5,0,0,1,"ADJ,NOM"
nains,n5,nain,NOM,13.9,4.17,5,0,2,1,"ADJ,NOM"
nanas,nana,nana,NOM,39.57,13.09,5,0,4,2,NOM
nappe,nap,nappe,NOM,4.34,3.01,5,5,3,1,"NOM,VER"
navet,navE,navet,NOM,3.16,1.25,5,5,4,2,NOM
nazes,naz,naze,NOM,3.27,1.56,5,0,3,1,"ADJ,NOM"
nazie,nazi,nazi,NOM,14.76,0.69,5,0,4,2,"ADJ,NOM"
nazis,nazi,nazi,NOM,14.76,9.81,5,0,4,2,"ADJ,NOM"
neige,nEZ,neige,NOM,39.34,37.52,5,5,3,1,"NOM,VER"
nerfs,nER,nerf,NOM,30.12,22.03,5,0,3,1,NOM
neveu,n°v2,neveu,NOM,22.9,22.9,5,5,4,2,NOM
niche,niS,niche,NOM,2.27,2.17,5,5,3,1,"NOM,VER"
nièce,njEs,nièce,NOM,10.1,9.28,5,4,4,1,NOM
noble,nObl,noble,NOM,6.32,2.46,5,5,4,1,"ADJ,NOM"
noces,nOs,noce,NOM,17.05,12.62,5,0,3,1,NOM
noeud,n2,noeud,NOM,11.12,7.64,5,3,2,1,NOM
noire,nwaR,noir,NOM,79.75,3.59,5,0,4,1,"ADJ,NOM"
noirs,nwaR,noir,NOM,79.75,20.61,5,0,4,1,"ADJ,NOM"
nonne,nOn,nonne,NOM,8.46,5.46,5,5,3,1,NOM
norme,nORm,norme,NOM,5.0,1.58,5,5,4,1,NOM
notes,nOt,note,NOM,62.82,29.4,5,0,3,1,NOM
noyau,nwajo,noyau,NOM,4.15,3.71,5,5,5,2,NOM
noyée,nwaje,noyé,NOM,2.18,0.62,5,0,5,2,"VER,ADJ,NOM"
noyés,nwaje,noyé,NOM,2.18,0.66,5,0,5,2,"VER,ADJ,NOM"
noëls,noEl,noël,NOM,2.98,0.84,5,0,3,2,NOM
nuage,n8aZ,nuage,NOM,30.27,11.81,5,5,4,1,NOM
nuits,n8i,nuit,NOM,586.54,28.98,5,0,3,1,NOM
nuque,nyk,nuque,NOM,7.8,7.58,5,3,3,1,NOM
nurse,n9Rs,nurse,NOM,2.24,2.14,5,5,4,1,NOM
nègre,nEgR,nègre,NOM,19.08,11.26,5,3,3,1,"ADJ,NOM"
néant,ne@,néant,NOM,6.62,6.62,5,5,3,2,NOM
négro,negRo,négro,NOM,6.02,4.64,5,5,5,2,NOM
nénés,nene,néné,NOM,5.41,1.65,5,0,4,2,NOM
objet,ObZE,objet,NOM,45.94,26.88,5,5,4,2,NOM
océan,ose@,océan,NOM,24.89,22.86,5,5,4,3,NOM
odeur,od9R,odeur,NOM,49.57,47.19,5,4,3,2,NOM
oeils,9j,oeil,NOM,413.04,0.01,5,0,2,1,NOM
oeufs,2,oeuf,NOM,39.4,25.88,5,0,1,1,NOM
offre,OfR,offre,NOM,34.55,30.23,5,5,3,1,"NOM,VER"
ogive,oZiv,ogive,NOM,2.35,1.4,5,5,4,2,NOM
ogres,OgR,ogre,NOM,2.83,0.3,5,0,3,1,NOM
olive,oliv,olive,NOM,5.42,2.54,5,5,4,2,"ADJ,NOM"
ombre,§bR,ombre,NOM,45.67,35.98,5,5,3,1,"NOM,VER"
onces,§s,once,NOM,4.66,0.89,5,0,2,1,NOM
oncle,§kl,oncle,NOM,126.71,124.11,5,4,3,1,NOM
ondes,§d,onde,NOM,11.91,7.52,5,0,2,1,NOM
ongle,§gl,ongle,NOM,20.37,2.35,5,5,3,1,NOM
opium,opjOm,opium,NOM,3.95,3.95,5,4,4,2,NOM
opéra,opeRa,opéra,NOM,19.61,18.93,5,5,5,3,"NOM,VER"
orage,oRaZ,orage,NOM,17.14,14.5,5,5,4,2,NOM
ordre,ORdR,ordre,NOM,217.25,132.5,5,4,4,1,NOM
orgie,ORZi,orgie,NOM,3.46,2.09,5,5,4,2,NOM
orgue,ORg,orgue,NOM,3.12,3.08,5,5,3,1,NOM
ortie,ORti,ortie,NOM,2.04,0.41,5,4,4,2,NOM
otage,otaZ,otage,NOM,26.4,15.22,5,4,4,2,NOM
oubli,ubli,oubli,NOM,8.02,6.92,5,5,4,2,NOM
ouest,wEst,ouest,NOM,27.79,27.79,5,5,4,1,"ADJ,NOM"
ourse,uRs,ours,NOM,24.57,0.58,5,0,3,1,NOM
outil,uti,outil,NOM,14.18,3.63,5,5,3,2,NOM
outre,utR,outre,NOM,4.45,4.42,5,5,3,1,"ADV,NOM,PRE,VER"
ouïes,wi,ouïe,NOM,2.38,0.16,5,0,2,1,NOM
ovnis,Ovni,ovni,NOM,2.98,1.91,5,0,3,2,NOM
pacha,paSa,pacha,NOM,7.28,7.11,5,5,4,2,NOM
pacte,pakt,pacte,NOM,8.12,7.29,5,5,4,1,NOM
pages,paZ,page,NOM,39.41,14.25,5,0,3,1,NOM
paies,pE,paie,NOM,8.4,0.31,5,0,2,1,"NOM,VER"
pains,p5,pain,NOM,67.58,4.77,5,0,2,1,NOM
paire,pER,paire,NOM,21.59,18.31,5,5,3,1,"ADJ,NOM"
pairs,pER,pair,NOM,3.54,1.27,5,0,3,1,"ADJ,NOM"
palme,palm,palme,NOM,2.09,1.25,5,5,4,1,NOM
panne,pan,panne,NOM,24.59,23.84,5,5,3,1,NOM
panse,p@s,panse,NOM,2.13,2.02,5,5,3,1,"NOM,VER"
papes,pap,pape,NOM,7.17,0.6,5,0,3,1,NOM
papet,papE,papet,NOM,4.25,4.25,5,5,4,2,NOM
papis,papi,papi,NOM,7.23,0.17,5,0,4,2,NOM
papys,papi,papy,NOM,6.79,0.04,5,0,4,2,NOM
paras,paRa,para,NOM,3.23,0.9,5,0,4,2,NOM
parcs,paRk,parc,NOM,32.85,1.84,5,0,4,1,NOM
paris,paRi,pari,NOM,26.61,12.68,5,0,4,2,NOM
paroi,paRwa,paroi,NOM,4.88,3.01,5,5,5,2,NOM
parti,paRti,parti,NOM,46.59,41.75,5,5,5,2,"ADJ,NOM,VER"
parts,paR,part,NOM,305.89,6.58,5,0,3,1,NOM
passe,pas,passe,NOM,47.58,44.87,5,5,3,1,"NOM,VER"
passé,pase,passé,NOM,64.32,63.39,5,5,4,2,"VER,ADJ,ADV,NOM"
patin,pat5,patin,NOM,3.77,1.12,5,5,4,2,NOM
patio,patjo,patio,NOM,2.02,2.02,5,5,4,2,NOM
patte,pat,patte,NOM,34.6,6.45,5,5,3,1,NOM
paume,pom,paume,NOM,3.17,2.18,5,5,3,1,"NOM,VER"
paumé,pome,paumé,NOM,2.23,1.03,5,5,4,2,"VER,ADJ,NOM"
pause,poz,pause,NOM,28.24,27.3,5,5,3,1,NOM
pavés,pave,pavé,NOM,3.0,0.92,5,0,4,2,"VER,ADJ,NOM"
payes,pej,paye,NOM,10.01,0.48,5,0,0,1,"NOM,VER"
païen,paj5,païen,NOM,2.22,0.27,5,3,4,2,"ADJ,NOM"
peaux,po,peau,NOM,87.47,3.63,5,0,2,1,NOM
peine,pEn,peine,NOM,199.75,193.42,5,5,3,1,"NOM,VER"
pelle,pEl,pelle,NOM,10.1,8.75,5,5,3,1,NOM
pendu,p@dy,pendu,NOM,2.74,1.47,5,5,4,2,"VER,ADJ,NOM"
penny,peni,penny,NOM,3.49,3.49,5,5,4,2,"ADJ,NOM"
pente,p@t,pente,NOM,4.82,4.46,5,5,3,1,NOM
perle,pERl,perle,NOM,10.57,4.13,5,5,4,1,"NOM,VER"
perte,pERt,perte,NOM,37.8,30.2,5,5,4,1,NOM
pesos,pezOs,peso,NOM,11.02,10.29,5,0,0,2,NOM
peste,pEst,peste,NOM,16.95,16.68,5,5,4,1,"NOM,ONO,VER"
petit,p°ti,petit,NOM,221.75,131.7,5,5,4,2,"ADJ,ADV,NOM"
peurs,p9R,peur,NOM,557.21,5.38,5,0,0,1,NOM
phare,faR,phare,NOM,11.88,7.17,5,5,3,1,NOM
phase,faz,phase,NOM,13.22,12.42,5,5,3,1,NOM
philo,filo,philo,NOM,2.35,2.35,5,5,4,2,NOM
photo,foto,photo,NOM,209.1,122.47,5,5,4,2,NOM
piafs,pjaf,piaf,NOM,2.0,0.25,5,0,4,1,NOM
piano,pjano,piano,NOM,22.22,21.5,5,5,5,2,"ADV,NOM"
pieds,pje,pied,NOM,214.08,108.57,5,0,3,1,NOM
piles,pil,pile,NOM,21.3,5.08,5,0,3,1,"NOM,VER"
pince,p5s,pince,NOM,9.0,5.62,5,5,3,1,"NOM,VER"
pions,pj§,pion,NOM,4.91,1.92,5,0,3,1,NOM
pipes,pip,pipe,NOM,16.38,3.64,5,0,3,1,"NOM,VER"
pipis,pipi,pipi,NOM,15.36,0.03,5,0,4,2,NOM
pique,pik,pique,NOM,6.95,6.03,5,5,3,1,"NOM,VER"
pisse,pis,pisse,NOM,5.99,5.98,5,5,3,1,"NOM,VER"
piste,pist,piste,NOM,51.77,43.01,5,5,4,1,"NOM,VER"
pitié,pitje,pitié,NOM,76.38,76.38,5,4,4,2,NOM
pizza,pidza,pizza,NOM,23.09,18.6,5,5,5,2,NOM
pièce,pjEs,pièce,NOM,151.1,110.66,5,4,4,1,NOM
piège,pjEZ,piège,NOM,33.12,27.53,5,4,4,1,"NOM,VER"
place,plas,place,NOM,301.3,280.54,5,5,4,1,"NOM,VER"
plage,plaZ,plage,NOM,48.19,44.99,5,5,4,1,NOM
plaie,plE,plaie,NOM,15.02,10.42,5,5,3,1,NOM
plans,pl@,plan,NOM,147.54,28.0,5,0,3,1,"ADJ,NOM"
plant,pl@,plant,NOM,2.54,1.07,5,5,3,1,NOM
plats,pla,plat,NOM,30.24,8.37,5,0,3,1,"ADJ,NOM"
plein,pl5,plein,NOM,9.7,9.17,5,5,3,1,"ADJ,ADV,NOM,PRE"
pleur,pl9R,pleur,NOM,9.52,0.2,5,5,4,1,NOM
plomb,pl§,plomb,NOM,20.24,10.62,5,5,3,1,NOM
plouc,pluk,plouc,NOM,3.9,2.35,5,5,4,1,"ADJ,NOM"
pluie,pl8i,pluie,NOM,46.1,42.91,5,4,3,1,NOM
plume,plym,plume,NOM,15.29,6.49,5,5,4,1,"NOM,VER"
pneus,pn2,pneu,NOM,13.44,7.79,5,0,3,1,NOM
poche,pOS,poche,NOM,49.65,36.23,5,5,3,1,"NOM,VER"
poids,pwa,poids,NOM,34.42,34.42,5,5,3,1,NOM
poils,pwal,poil,NOM,39.33,12.24,5,0,4,1,NOM
poing,pw5,poing,NOM,17.52,13.25,5,5,3,1,NOM
point,pw5,point,NOM,225.32,186.7,5,5,3,1,"VER,ADV,NOM"
poire,pwaR,poire,NOM,7.58,5.67,5,5,4,1,NOM
poker,pokER,poker,NOM,10.76,10.62,5,3,3,2,NOM
pomme,pOm,pomme,NOM,42.35,19.77,5,5,3,1,"NOM,VER"
pompe,p§p,pompe,NOM,22.92,10.51,5,5,3,1,"NOM,VER"
poney,ponE,poney,NOM,4.8,3.7,5,5,4,2,NOM
ponte,p§t,ponte,NOM,2.35,1.46,5,5,3,1,"NOM,VER"
ponts,p§,pont,NOM,56.43,5.97,5,0,2,1,NOM
porcs,pOR,porc,NOM,41.07,10.89,5,0,3,1,NOM
porno,pORno,porno,NOM,9.77,8.73,5,5,5,2,"ADJ,NOM"
porte,pORt,porte,NOM,333.85,288.39,5,5,4,1,"NOM,VER"
porto,pORto,porto,NOM,2.3,2.27,5,5,5,2,NOM
ports,pOR,port,NOM,31.68,2.28,5,0,3,1,NOM
poses,poz,pose,NOM,16.11,0.77,5,0,3,1,"NOM,VER"
poste,pOst,poste,NOM,82.87,72.64,5,5,4,1,"NOM,VER"
potes,pOt,pote,NOM,84.92,19.89,5,0,3,1,NOM
potin,pot5,potin,NOM,2.02,0.61,5,5,4,2,NOM
pouce,pus,pouce,NOM,15.72,11.89,5,5,3,1,"NOM,ONO"
poule,pul,poule,NOM,36.7,23.5,5,5,3,1,NOM
pouls,pu,pouls,NOM,15.64,15.64,5,5,2,1,NOM
poème,poEm,poème,NOM,27.03,15.98,5,4,4,2,NOM
poète,poEt,poète,NOM,22.65,16.98,5,4,4,2,NOM
poêle,pwal,poêle,NOM,5.12,4.58,5,5,4,1,"NOM,VER"
prime,pRim,prime,NOM,17.79,10.63,5,5,4,1,"ADJ,NOM,VER"
prion,pRij§,prion,NOM,3.11,0.43,5,5,5,2,NOM
prise,pRiz,prise,NOM,28.25,22.92,5,5,4,1,"VER,ADJ,NOM"
privé,pRive,privé,NOM,10.77,10.48,5,5,5,2,"VER,ADJ,NOM"
profs,pROf,prof,NOM,37.82,7.46,5,0,4,1,NOM
proie,pRwa,proie,NOM,10.61,9.19,5,4,3,1,NOM
promo,pRomo,promo,NOM,4.86,4.74,5,5,5,2,NOM
prune,pRyn,prune,NOM,2.94,1.07,5,5,4,1,"ADJ,NOM"
prêts,pRE,prêt,NOM,37.76,11.77,5,0,3,1,"ADJ,NOM"
puces,pys,puce,NOM,27.65,5.5,5,0,3,1,NOM
puits,p8i,puits,NOM,19.52,19.52,5,4,3,1,NOM
pulls,pyl,pull,NOM,13.43,2.02,5,0,3,1,NOM
punch,p§S,punch,NOM,3.67,3.65,5,5,3,1,NOM
punks,p1k,punk,NOM,6.39,0.94,5,0,2,1,NOM
purée,pyRe,purée,NOM,5.75,5.74,5,4,4,2,NOM
putes,pyt,pute,NOM,105.25,17.34,5,0,3,1,NOM
pâtes,pat,pâte,NOM,16.48,9.35,5,0,3,1,NOM
pâtés,pate,pâté,NOM,7.18,1.96,5,0,4,2,NOM
pères,pER,père,NOM,895.55,16.25,5,0,3,1,NOM
péché,peSe,péché,NOM,41.22,26.14,5,5,4,2,"NOM,VER"
pédés,pede,pédé,NOM,33.12,7.48,5,0,4,2,NOM
pénis,penis,pénis,NOM,8.11,8.11,5,5,5,2,NOM
pépin,pep5,pépin,NOM,5.15,4.31,5,5,4,2,NOM
pépés,pepe,pépé,NOM,4.95,0.13,5,0,4,2,NOM
péril,peRil,péril,NOM,7.76,6.32,5,5,5,2,NOM
pêche,pES,pêche,NOM,24.39,21.13,5,5,3,1,"ADJ,NOM,VER"
pôles,pol,pôle,NOM,3.59,0.47,5,0,3,1,NOM
quais,ke,quai,NOM,14.01,3.64,5,0,0,1,NOM
quant,k@,quant,NOM,7.94,7.94,5,5,2,1,NOM
quart,kaR,quart,NOM,23.02,20.58,5,5,3,1,NOM
queue,k2,queue,NOM,41.59,38.93,5,5,2,1,NOM
quota,kota,quota,NOM,2.12,1.39,5,5,4,2,NOM
quête,kEt,quête,NOM,10.24,9.97,5,5,3,1,"NOM,VER"
rabbi,Rabi,rabbi,NOM,4.83,4.83,5,5,4,2,NOM
races,Ras,race,NOM,30.56,3.46,5,0,3,1,NOM
radar,RadaR,radar,NOM,10.36,8.05,5,5,5,2,NOM
rades,Rad,rade,NOM,2.33,0.16,5,0,3,1,NOM
radio,Radjo,radio,NOM,78.23,71.31,5,5,5,2,NOM
rages,RaZ,rage,NOM,15.97,0.44,5,0,3,1,"NOM,VER"
ragot,Rago,ragot,NOM,5.67,0.07,5,5,4,2,"ADJ,NOM"
raids,REd,raid,NOM,3.98,1.16,5,0,3,1,NOM
raies,RE,raie,NOM,2.49,0.78,5,0,2,1,"NOM,VER"
rails,Raj,rail,NOM,9.31,7.61,5,0,3,1,NOM
rames,Ram,rame,NOM,4.38,1.91,5,0,3,1,"NOM,VER"
rampe,R@p,rampe,NOM,5.76,5.32,5,5,3,1,"NOM,VER"
ranch,R@nS,ranch,NOM,7.21,6.95,5,5,4,1,NOM
rangs,R@,rang,NOM,28.21,8.81,5,0,2,1,NOM
rates,Rat,rate,NOM,2.65,0.03,5,0,3,1,"NOM,VER"
ratée,Rate,raté,NOM,8.45,0.68,5,0,4,2,"VER,ADJ,NOM"
ratés,Rate,raté,NOM,8.45,1.27,5,0,4,2,"VER,ADJ,NOM"
ravin,Rav5,ravin,NOM,4.93,4.3,5,5,4,2,NOM
rayon,REj§,rayon,NOM,27.0,19.32,5,5,4,2,NOM
rebut,R°by,rebut,NOM,2.15,1.43,5,5,4,2,"VER,NOM"
recul,R°kyl,recul,NOM,3.59,3.59,5,5,5,2,NOM
refus,R°fy,refus,NOM,9.02,9.02,5,5,4,2,NOM
reine,REn,reine,NOM,59.05,56.26,5,5,3,1,NOM
reins,R5,rein,NOM,13.96,9.43,5,0,2,1,NOM
rejet,R°ZE,rejet,NOM,2.94,2.71,5,5,4,2,NOM
relax,R°laks,relax,NOM,5.76,5.76,5,5,6,2,"ADJ,NOM"
repas,R°pa,repas,NOM,48.53,48.53,5,5,4,2,NOM
repos,R°po,repos,NOM,42.29,42.29,5,5,4,2,NOM
reste,REst,reste,NOM,214.54,203.1,5,5,4,1,"NOM,VER"
resto,REsto,resto,NOM,10.47,9.36,5,5,5,2,NOM
revue,R°vy,revue,NOM,10.1,7.79,5,5,4,2,"VER,ADJ,NOM"
reçus,R°sy,reçu,NOM,13.08,1.83,5,0,4,2,"VER,ADJ,NOM"
rhume,Rym,rhume,NOM,8.17,7.72,5,5,3,1,NOM
riche,RiS,riche,NOM,20.95,7.12,5,5,3,1,"ADJ,NOM"
rides,Rid,ride,NOM,4.2,3.02,5,0,3,1,"NOM,VER"
riens,Rj5,rien,NOM,7.26,0.62,5,0,3,1,NOM
rimes,Rim,rime,NOM,3.08,1.75,5,0,3,1,"NOM,VER"
rings,RiG,ring,NOM,6.49,0.29,5,0,3,1,NOM
rires,RiR,rire,NOM,38.88,16.09,5,0,3,1,NOM
risée,Rize,risée,NOM,2.22,2.12,5,4,4,2,NOM
rital,Rital,rital,NOM,2.66,1.36,5,4,4,2,NOM
rites,Rit,rite,NOM,5.43,1.66,5,0,3,1,NOM
rival,Rival,rival,NOM,4.75,2.68,5,5,5,2,"ADJ,NOM"
rives,Riv,rive,NOM,7.92,1.89,5,0,3,1,NOM
robes,ROb,robe,NOM,84.43,11.71,5,0,3,1,NOM
robot,Robo,robot,NOM,22.89,14.97,5,5,4,2,NOM
roche,ROS,roche,NOM,5.81,3.68,5,5,3,1,NOM
rocks,ROk,rock,NOM,22.11,0.64,5,0,3,1,NOM
rodéo,Rodeo,rodéo,NOM,2.01,1.92,5,4,5,3,NOM
rogne,RON,rogne,NOM,3.68,3.67,5,5,3,1,"NOM,VER"
roman,Rom@,roman,NOM,23.73,17.79,5,5,4,2,"ADJ,NOM"
ronde,R§d,ronde,NOM,9.54,7.93,5,5,3,1,"ADJ,NOM"
ronds,R§,rond,NOM,16.84,1.73,5,0,2,1,"ADJ,NOM"
roses,Roz,rose,NOM,24.67,13.56,5,0,3,1,"ADJ,NOM"
rosée,Roze,rosée,NOM,3.19,3.19,5,5,4,2,"VER,NOM"
roues,Ru,roue,NOM,21.87,8.38,5,0,2,1,"NOM,VER"
rouge,RuZ,rouge,NOM,37.14,32.93,5,5,3,1,"ADJ,NOM"
roule,Rul,roule,NOM,4.85,4.84,5,5,3,1,"NOM,VER"
round,Rund,round,NOM,7.59,5.75,5,4,3,1,NOM
route,Rut,route,NOM,166.72,152.83,5,5,3,1,NOM
ruban,Ryb@,ruban,NOM,8.49,6.56,5,5,4,2,NOM
rubis,Rybi,rubis,NOM,2.22,2.22,5,5,4,2,"ADJ,NOM"
ruche,RyS,ruche,NOM,3.57,2.64,5,5,3,1,NOM
ruine,R8in,ruine,NOM,17.93,9.23,5,5,4,1,"NOM,VER"
runes,Ryn,rune,NOM,2.4,1.32,5,0,3,1,NOM
ruses,Ryz,ruse,NOM,9.98,1.89,5,0,3,1,"NOM,VER"
russe,Rys,russe,NOM,35.44,15.68,5,5,3,1,"ADJ,NOM"
règle,REgl,règle,NOM,79.51,33.17,5,5,4,1,"NOM,VER"
règne,REN,règne,NOM,7.32,7.3,5,4,3,1,"NOM,VER"
récit,Resi,récit,NOM,9.89,7.12,5,5,4,2,NOM
récré,RekRe,récré,NOM,2.29,2.25,5,5,5,2,NOM
réels,ReEl,réel,NOM,3.11,0.33,5,0,4,2,"ADJ,NOM"
régal,Regal,régal,NOM,2.19,2.18,5,5,5,2,NOM
répit,Repi,répit,NOM,3.87,3.86,5,4,4,2,NOM
rênes,REn,rêne,NOM,2.23,2.21,5,0,3,1,NOM
rêves,REv,rêve,NOM,158.75,59.35,5,0,3,1,"NOM,VER"
rôles,Rol,rôle,NOM,69.38,8.18,5,0,3,1,NOM
rôtis,Roti,rôti,NOM,4.33,0.3,5,0,4,2,"ADJ,NOM,VER"
sable,sabl,sable,NOM,25.23,23.14,5,5,4,1,"ADJ,NOM,VER"
sabot,sabo,sabot,NOM,4.95,1.79,5,5,4,2,NOM
sabre,sabR,sabre,NOM,6.95,5.44,5,5,4,1,"NOM,VER"
sacré,sakRe,sacré,NOM,3.4,3.17,5,5,5,2,"VER,ADJ,NOM"
sages,saZ,sage,NOM,5.47,2.16,5,0,3,1,"ADJ,NOM"
saint,s5,saint,NOM,39.85,12.37,5,5,2,1,"ADJ,NOM"
sakés,sake,saké,NOM,2.55,0.0,5,0,4,2,NOM
salle,sal,salle,NOM,116.91,111.1,5,4,3,1,NOM
salon,sal§,salon,NOM,39.24,37.06,5,5,4,2,NOM
salut,saly,salut,NOM,277.42,277.35,5,5,4,2,"NOM,ONO"
samba,s@ba,samba,NOM,2.91,2.91,5,5,4,2,NOM
sangs,s@,sang,NOM,304.75,0.45,5,0,2,1,NOM
santé,s@te,santé,NOM,88.69,88.58,5,5,4,2,NOM
sapin,sap5,sapin,NOM,6.91,5.95,5,5,4,2,NOM
satin,sat5,satin,NOM,2.65,2.65,5,5,4,2,NOM
sauce,sos,sauce,NOM,19.24,18.33,5,5,3,1,"NOM,VER"
sauna,sona,sauna,NOM,3.85,3.45,5,5,4,2,NOM
saute,sot,saute,NOM,14.52,13.6,5,5,3,1,"NOM,VER"
sauts,so,saut,NOM,14.77,1.23,5,0,2,1,NOM
savon,sav§,savon,NOM,16.68,15.65,5,5,4,2,NOM
sceau,so,sceau,NOM,3.72,3.54,5,4,2,1,NOM
scies,si,scie,NOM,5.36,0.15,5,0,2,1,"NOM,VER"
scoop,skup,scoop,NOM,5.29,5.12,5,5,4,1,NOM
score,skOR,score,NOM,5.92,5.29,5,5,4,1,NOM
scout,skut,scout,NOM,3.73,1.21,5,5,4,1,"ADJ,NOM"
scrub,skROb,scrub,NOM,2.72,0.07,5,5,5,1,NOM
scène,sEn,scène,NOM,107.96,96.66,5,5,3,1,NOM
seaux,so,seau,NOM,9.01,2.0,5,0,2,1,NOM
secte,sEkt,secte,NOM,5.02,4.15,5,5,4,1,NOM
seins,s5,sein,NOM,44.9,27.97,5,0,2,1,NOM
selle,sEl,selle,NOM,10.26,8.9,5,5,3,1,"NOM,VER"
serbe,sERb,serbe,NOM,2.85,0.54,5,5,4,1,"ADJ,NOM"
serre,sER,serre,NOM,5.28,3.79,5,5,3,1,"NOM,VER"
seuil,s9j,seuil,NOM,5.49,5.45,5,4,3,1,NOM
seule,s9l,seul,NOM,102.45,31.04,5,0,3,1,"ADJ,NOM"
seuls,s9l,seul,NOM,102.45,9.21,5,0,3,1,"ADJ,NOM"
sexes,sEks,sexe,NOM,52.09,1.65,5,0,4,1,NOM
señor,seNOR,señor,NOM,9.75,9.75,5,3,4,2,NOM
short,SORt,short,NOM,4.42,3.79,5,4,4,1,NOM
sidas,sida,sida,NOM,5.02,0.0,5,0,4,2,NOM
sieur,sj9R,sieur,NOM,8.06,7.66,5,4,3,1,NOM
signe,siN,signe,NOM,82.73,67.74,5,5,3,1,"NOM,VER"
singe,s5Z,singe,NOM,35.48,21.59,5,5,3,1,"NOM,VER"
sires,siR,sire,NOM,3.37,0.0,5,0,3,1,NOM
sirop,siRo,sirop,NOM,5.75,5.7,5,5,4,2,NOM
sites,sit,site,NOM,17.17,3.26,5,0,3,1,NOM
siège,sjEZ,siège,NOM,29.44,23.69,5,4,4,1,"NOM,VER"
skate,skEjt,skate,NOM,2.5,2.14,5,5,5,1,NOM
slips,slip,slip,NOM,11.35,2.06,5,0,4,1,NOM
sodas,soda,soda,NOM,10.23,1.11,5,0,4,2,NOM
soeur,s9R,soeur,NOM,184.99,155.22,5,5,3,1,NOM
sofas,sofa,sofa,NOM,4.77,0.33,5,0,4,2,NOM
soies,swa,soie,NOM,10.38,0.42,5,0,3,1,NOM
soifs,swaf,soif,NOM,31.82,0.54,5,0,4,1,NOM
soins,sw5,soin,NOM,71.99,17.55,5,0,3,1,NOM
soirs,swaR,soir,NOM,575.7,19.86,5,0,4,1,NOM
solde,sOld,solde,NOM,6.76,5.09,5,5,4,1,"NOM,VER"
solos,solo,solo,NOM,5.22,0.41,5,0,4,2,NOM
somme,sOm,somme,NOM,35.25,28.27,5,5,3,1,"NOM,VER"
sonde,s§d,sonde,NOM,6.31,5.3,5,5,3,1,"NOM,VER"
songe,s§Z,songe,NOM,4.53,3.81,5,5,3,1,"NOM,VER"
sorte,sORt,sorte,NOM,114.73,98.33,5,5,4,1,"NOM,VER"
sorts,sOR,sort,NOM,44.8,1.88,5,0,3,1,NOM
sotte,sOt,sot,NOM,5.84,1.96,5,0,0,1,"ADJ,NOM"
souci,susi,souci,NOM,49.47,26.73,5,5,4,2,NOM
soupe,sup,soupe,NOM,32.26,31.72,5,5,3,1,"NOM,VER"
sourd,suR,sourd,NOM,2.94,1.64,5,5,3,1,"ADJ,NOM,VER"
soute,sut,soute,NOM,2.62,2.33,5,5,3,1,NOM
speed,spid,speed,NOM,3.45,3.45,5,5,4,1,NOM
sport,spOR,sport,NOM,30.04,24.61,5,5,4,1,NOM
spots,spOt,spot,NOM,3.5,1.0,5,0,4,1,NOM
spray,spREj,spray,NOM,2.71,2.65,5,5,4,1,NOM
stade,stad,stade,NOM,15.14,14.34,5,5,4,1,NOM
stage,staZ,stage,NOM,6.16,4.87,5,5,4,1,NOM
stand,st@d,stand,NOM,7.02,5.66,5,5,4,1,NOM
stars,staR,star,NOM,39.34,10.44,5,0,4,1,NOM
steak,stEk,steak,NOM,10.76,8.15,5,5,4,1,NOM
stock,stOk,stock,NOM,5.66,4.23,5,5,4,1,NOM
stops,stOp,stop,NOM,44.5,0.14,5,0,4,1,NOM
store,stOR,store,NOM,3.59,1.35,5,5,4,1,NOM
strip,stRip,strip,NOM,2.44,2.44,5,5,5,1,NOM
stups,styp,stup,NOM,2.26,2.26,5,5,4,1,"NOM,ADJ"
style,stil,style,NOM,32.34,31.08,5,5,4,1,"NOM,VER"
stylo,stilo,stylo,NOM,17.73,15.34,5,5,5,2,NOM
sucre,sykR,sucre,NOM,32.01,30.57,5,5,4,1,"NOM,VER"
sueur,s89R,sueur,NOM,11.71,10.27,5,4,3,1,NOM
suite,s8it,suite,NOM,275.9,274.18,5,5,4,1,NOM
sujet,syZE,sujet,NOM,120.42,107.92,5,5,4,2,"ADJ,NOM"
super,sypER,super,NOM,73.26,71.48,5,5,5,2,"ADJ,NOM"
sushi,suSi,sushi,NOM,2.03,2.03,5,4,4,2,NOM
sèves,sEv,sève,NOM,3.19,0.0,5,0,3,1,NOM
série,seRi,série,NOM,36.53,33.34,5,5,4,2,NOM
sérum,seROm,sérum,NOM,4.16,4.0,5,4,4,2,NOM
tabac,taba,tabac,NOM,16.0,15.7,5,5,4,2,NOM
table,tabl,table,NOM,118.37,111.44,5,5,4,1,"NOM,VER"
tache,taS,tache,NOM,21.04,12.61,5,5,3,1,"NOM,VER"
tacos,tako,taco,NOM,2.0,1.01,5,0,4,2,NOM
taffe,taf,taffe,NOM,2.06,2.02,5,5,3,1,NOM
talon,tal§,talon,NOM,11.72,4.03,5,5,4,2,NOM
tango,t@go,tango,NOM,5.74,5.58,5,5,4,2,"ADJ,NOM"
tanks,t@k,tank,NOM,8.41,4.62,5,0,3,1,NOM
tante,t@t,tante,NOM,76.62,70.69,5,5,3,1,NOM
tapes,tap,tape,NOM,2.54,0.23,5,0,3,1,"NOM,VER"
tapin,tap5,tapin,NOM,2.31,2.25,5,5,4,2,NOM
tapis,tapi,tapis,NOM,20.13,20.13,5,5,4,2,"VER,NOM"
tarif,taRif,tarif,NOM,6.26,4.58,5,5,5,2,NOM
tarte,taRt,tarte,NOM,13.04,10.41,5,5,4,1,"ADJ,NOM"
tarés,taRe,taré,NOM,10.48,3.53,5,0,4,2,"VER,ADJ,NOM"
tasse,tas,tasse,NOM,21.89,18.52,5,5,3,1,"NOM,VER"
tatas,tata,tata,NOM,3.0,0.04,5,0,4,2,NOM
taule,tol,taule,NOM,27.0,26.92,5,5,3,1,NOM
taupe,top,taupe,NOM,6.6,5.42,5,5,3,1,"ADJ,NOM"
taxes,taks,taxe,NOM,4.34,2.49,5,0,4,1,"NOM,VER"
taxis,taksi,taxi,NOM,63.77,4.35,5,0,5,2,NOM
teams,tim,team,NOM,13.84,0.16,5,0,3,1,NOM
teint,t5,teint,NOM,4.87,4.84,5,5,2,1,"VER,ADJ,NOM"
tempe,t@p,tempe,NOM,3.38,2.23,5,5,3,1,NOM
temps,t@,temps,NOM,1031.05,1031.05,5,5,2,1,NOM
tente,t@t,tente,NOM,16.65,14.4,5,5,3,1,"NOM,VER"
tenue,t°ny,tenue,NOM,21.96,19.64,5,5,4,2,"VER,ADJ,NOM"
terme,tERm,terme,NOM,37.67,25.72,5,5,4,1,NOM
terre,tER,terre,NOM,294.45,276.29,5,5,3,1,"NOM,VER"
tests,tEst,test,NOM,55.38,20.5,5,0,4,1,NOM
texte,tEkst,texte,NOM,20.42,16.22,5,5,5,1,NOM
thons,t§,thon,NOM,5.88,0.23,5,0,2,1,NOM
thune,tyn,thune,NOM,4.63,3.52,5,4,3,1,NOM
thème,tEm,thème,NOM,17.32,15.49,5,4,3,1,NOM
thèse,tEz,thèse,NOM,10.67,10.22,5,4,3,1,NOM
tibia,tibja,tibia,NOM,2.33,2.02,5,5,5,2,NOM
tiens,tj5,tien,NOM,12.98,12.98,5,5,3,1,"VER,NOM,ADJ:pos,ONO,PRO:pos"
tiers,tjER,tiers,NOM,6.24,6.18,5,5,4,1,"ADJ,NOM"
tiges,tiZ,tige,NOM,3.73,1.34,5,0,3,1,NOM
tigre,tigR,tigre,NOM,15.19,11.14,5,5,4,1,NOM
tires,tiR,tire,NOM,17.13,0.38,5,0,3,1,"NOM,VER"
tissu,tisy,tissu,NOM,15.69,9.21,5,5,4,2,"ADJ,NOM"
titis,titi,titi,NOM,4.79,0.0,5,0,4,2,NOM
titre,titR,titre,NOM,41.35,32.4,5,5,4,1,"NOM,VER"
toast,tost,toast,NOM,16.3,13.73,5,5,4,1,NOM
toile,twal,toile,NOM,17.99,11.75,5,5,4,1,NOM
toits,twa,toit,NOM,49.01,6.37,5,0,3,1,NOM
tombe,t§b,tombe,NOM,49.67,41.33,5,5,3,1,"NOM,VER"
tonic,tonik,tonic,NOM,2.04,1.93,5,5,5,2,NOM
tonne,tOn,tonne,NOM,16.29,4.48,5,5,3,1,"NOM,VER"
topos,topo,topo,NOM,3.17,0.01,5,0,4,2,NOM
torse,tORs,torse,NOM,3.82,3.75,5,5,4,1,"ADJ,NOM"
torts,tOR,tort,NOM,67.97,3.08,5,0,3,1,NOM
total,total,total,NOM,3.86,3.66,5,5,5,2,"ADJ,NOM"
tours,tuR,tour,NOM,193.82,18.26,5,0,3,1,NOM
touts,tu,tout,NOM,330.7,0.1,5,0,2,1,NOM
trace,tRas,trace,NOM,60.18,29.2,5,5,4,1,"NOM,VER"
tracs,tRak,trac,NOM,5.17,0.26,5,0,4,1,NOM
tract,tRakt,tract,NOM,3.67,0.41,5,5,5,1,NOM
train,tR5,train,NOM,255.28,244.4,5,5,3,1,NOM
trait,tRE,trait,NOM,15.86,7.83,5,5,3,1,"VER,ADJ,NOM"
trams,tRam,tram,NOM,5.73,0.22,5,0,4,1,NOM
tribu,tRiby,tribu,NOM,11.57,7.96,5,5,5,2,NOM
trios,tRijo,trio,NOM,2.74,0.44,5,0,5,2,NOM
tripe,tRip,tripe,NOM,8.75,0.36,5,5,4,1,NOM
trips,tRip,trip,NOM,4.62,0.26,5,0,4,1,NOM
troll,tROl,troll,NOM,2.07,0.96,5,5,4,1,NOM
tronc,tR§,tronc,NOM,5.81,4.84,5,5,3,1,NOM
trous,tRu,trou,NOM,90.72,15.4,5,0,3,1,NOM
trucs,tRyk,truc,NOM,381.34,106.41,5,0,4,1,NOM
truie,tR8i,truie,NOM,3.35,3.16,5,5,4,1,NOM
trêve,tREv,trêve,NOM,6.69,6.68,5,3,4,1,NOM
trône,tRon,trône,NOM,14.32,13.99,5,5,4,1,"NOM,VER"
tsars,tsaR,tsar,NOM,14.3,0.38,5,0,4,1,NOM
tubes,tyb,tube,NOM,17.4,5.24,5,0,3,1,NOM
tueur,t89R,tueur,NOM,64.06,52.42,5,5,3,1,NOM
tuile,t8il,tuile,NOM,2.71,1.28,5,5,4,1,NOM
tuyau,t8ijo,tuyau,NOM,26.73,17.51,5,5,5,2,NOM
tuées,t8e,tué,NOM,3.56,0.23,5,0,3,1,"VER,ADJ,NOM"
types,tip,type,NOM,334.85,54.23,5,0,3,1,NOM
tyran,tiR@,tyran,NOM,7.79,6.17,5,5,4,2,NOM
tâche,taS,tâche,NOM,31.01,25.2,5,5,3,1,"NOM,VER"
télés,tele,télé,NOM,106.42,2.06,5,0,4,2,NOM
téton,tet§,téton,NOM,4.59,1.21,5,4,4,2,NOM
têtes,tEt,tête,NOM,475.87,22.74,5,0,3,1,NOM
tôles,tol,tôle,NOM,3.58,0.29,5,0,3,1,NOM
union,ynj§,union,NOM,19.14,18.1,5,5,4,2,NOM
unité,ynite,unité,NOM,43.46,29.29,5,5,5,3,NOM
urine,yRin,urine,NOM,5.72,4.63,5,5,4,2,"NOM,VER"
urnes,yRn,urne,NOM,2.69,0.74,5,0,3,1,NOM
usage,yzaZ,usage,NOM,14.45,13.26,5,5,4,2,NOM
usine,yzin,usine,NOM,51.59,43.51,5,5,4,2,"NOM,VER"
utile,ytil,utile,NOM,2.22,2.22,5,5,4,2,"ADJ,NOM"
vache,vaS,vache,NOM,47.71,36.24,5,5,3,1,"ADJ,NOM"
vagin,vaZ5,vagin,NOM,4.4,4.11,5,5,4,2,NOM
vague,vag,vague,NOM,21.59,12.8,5,5,3,1,"ADJ,NOM,VER"
valet,valE,valet,NOM,11.4,9.23,5,5,4,2,NOM
valse,vals,valse,NOM,5.55,5.45,5,5,4,1,"NOM,VER"
valve,valv,valve,NOM,2.63,1.6,5,5,4,1,NOM
vanne,van,vanne,NOM,2.73,0.94,5,5,3,1,"NOM,VER"
vases,vaz,vase,NOM,10.74,0.91,5,0,3,1,NOM
veaux,vo,veau,NOM,8.66,0.97,5,0,2,1,NOM
veine,vEn,veine,NOM,19.74,10.75,5,5,3,1,NOM
vendu,v@dy,vendu,NOM,4.03,3.01,5,5,4,2,"VER,ADJ,NOM"
venin,v°n5,venin,NOM,3.59,3.57,5,5,4,2,NOM
vente,v@t,vente,NOM,27.54,20.93,5,5,3,1,"NOM,VER"
vents,v@,vent,NOM,77.34,5.84,5,0,2,1,NOM
venue,v°ny,venue,NOM,9.6,8.34,5,5,4,2,"VER,ADJ,NOM"
venus,v°ny,venu,NOM,2.88,2.88,5,0,4,2,"VER,ADJ,NOM"
verbe,vERb,verbe,NOM,2.02,1.66,5,5,4,1,NOM
verre,vER,verre,NOM,176.57,154.13,5,5,3,1,NOM
verts,vER,vert,NOM,10.91,0.84,5,0,3,1,"ADJ,NOM"
vertu,vERty,vertu,NOM,17.75,13.49,5,5,5,2,NOM
veste,vEst,veste,NOM,37.72,36.0,5,5,4,1,NOM
veufs,v9f,veuf,NOM,18.41,0.06,5,0,3,1,"ADJ,NOM"
veuve,v9v,veuf,NOM,18.41,15.64,5,0,0,1,"ADJ,NOM"
vices,vis,vice,NOM,12.29,4.52,5,0,3,1,NOM
vides,vid,vide,NOM,17.82,1.13,5,0,3,1,"ADJ,NOM,VER"
vidéo,video,vidéo,NOM,21.34,15.23,5,5,5,3,"ADJ,NOM"
vieux,vj2,vieux,NOM,145.73,124.54,5,5,3,1,"ADJ,NOM"
vigne,viN,vigne,NOM,6.87,4.97,5,5,3,1,NOM
villa,villa,villa,NOM,16.61,15.3,5,5,4,2,NOM
ville,vil,ville,NOM,295.14,277.98,5,5,3,1,NOM
viols,vjOl,viol,NOM,15.33,1.9,5,0,4,1,NOM
virus,viRys,virus,NOM,23.98,23.98,5,5,5,2,NOM
virée,viRe,virée,NOM,4.13,3.42,5,4,4,2,"VER,NOM"
visas,viza,visa,NOM,7.39,1.25,5,0,4,2,"NOM,VER"
vitre,vitR,vitre,NOM,16.35,10.21,5,5,4,1,"NOM,VER"
vivre,vivR,vivre,NOM,12.61,5.24,5,5,4,1,"NOM,VER"
vodka,vOdka,vodka,NOM,17.07,16.93,5,4,3,2,NOM
voeux,v2,voeu,NOM,28.58,17.86,5,0,2,1,NOM
vogue,vOg,vogue,NOM,2.43,2.43,5,5,3,1,"NOM,VER"
voies,vwa,voie,NOM,56.06,9.05,5,0,3,1,"NOM,VER"
voile,vwal,voile,NOM,20.51,15.49,5,5,4,1,"NOM,VER"
voles,vOl,vole,NOM,2.0,0.06,5,0,3,1,"NOM,VER"
volet,volE,volet,NOM,5.93,2.21,5,5,4,2,NOM
volts,vOlt,volt,NOM,2.0,1.6,5,0,4,1,NOM
vomis,vomi,vomi,NOM,3.52,0.53,5,0,4,2,"NOM,VER"
votes,vOt,vote,NOM,15.04,3.42,5,0,3,1,"NOM,VER"
voyou,vwaju,voyou,NOM,21.09,11.69,5,5,5,2,NOM
voûte,vut,voûte,NOM,2.21,1.71,5,5,3,1,"NOM,VER"
vrais,vRE,vrai,NOM,37.58,2.98,5,0,3,1,"ADJ,NOM"
vélos,velo,vélo,NOM,35.58,2.64,5,0,4,2,NOM
wagon,vag§,wagon,NOM,10.24,6.53,5,5,4,2,NOM
water,watER,water,NOM,2.49,1.03,5,5,5,2,NOM
yacht,jOt,yacht,NOM,6.95,6.51,5,5,3,1,NOM
yacks,jak,yack,NOM,3.15,2.69,5,0,3,1,NOM
yards,jaR,yard,NOM,2.1,1.64,5,0,3,1,NOM
yuans,jyan,yuan,NOM,4.69,4.19,5,0,3,2,NOM
zincs,z5g,zinc,NOM,2.12,0.16,5,0,3,1,NOM
zizis,zizi,zizi,NOM,2.89,0.2,5,0,4,2,NOM
zones,zon,zone,NOM,53.94,6.98,5,0,3,1,NOM
zooms,zum,zoom,NOM,2.4,0.12,5,0,3,1,NOM
zèbre,zEbR,zèbre,NOM,3.8,2.65,5,3,4,1,"NOM,VER"
zèles,zEl,zèle,NOM,4.92,0.0,5,0,3,1,NOM
zéros,zeRo,zéro,NOM,32.85,2.41,5,0,3,2,NOM
écart,ekaR,écart,NOM,14.71,14.36,5,5,4,2,NOM
échec,eSEk,échec,NOM,24.31,15.47,5,5,4,2,NOM
échos,eko,écho,NOM,6.65,0.82,5,0,3,2,NOM
éclat,ekla,éclat,NOM,14.28,9.73,5,5,4,2,NOM
école,ekOl,école,NOM,206.88,197.04,5,5,4,2,NOM
écran,ekR@,écran,NOM,23.68,19.78,5,5,4,2,NOM
écrit,ekRi,écrit,NOM,10.67,8.14,5,5,4,2,"VER,ADJ,NOM"
écume,ekym,écume,NOM,2.31,2.31,5,5,4,2,"NOM,VER"
égard,egaR,égard,NOM,9.19,6.77,5,5,4,2,NOM
égaux,ego,égal,NOM,5.65,2.26,5,0,3,2,"ADJ,NOM"
égout,egu,égout,NOM,7.01,3.23,5,5,3,2,NOM
élans,el@,élan,NOM,5.66,1.05,5,0,3,2,NOM
élite,elit,élite,NOM,7.38,7.24,5,5,4,2,NOM
éloge,elOZ,éloge,NOM,2.62,1.31,5,5,3,2,NOM
élève,elEv,élève,NOM,36.84,15.83,5,3,4,2,"VER,NOM"
épave,epav,épave,NOM,7.5,6.52,5,4,4,2,NOM
épice,epis,épice,NOM,3.06,1.46,5,5,4,2,"NOM,VER"
épine,epin,épine,NOM,5.81,2.52,5,5,4,2,NOM
époux,epu,époux,NOM,65.34,19.57,5,5,3,2,NOM
épées,epe,épée,NOM,32.81,3.48,5,0,3,2,NOM
étage,etaZ,étage,NOM,46.45,39.47,5,5,4,2,"NOM,VER"
étang,et@,étang,NOM,7.1,6.57,5,5,3,2,NOM
étape,etap,étape,NOM,15.77,12.44,5,4,4,2,NOM
états,eta,état,NOM,145.72,8.91,5,0,3,2,NOM
étude,etyd,étude,NOM,44.22,11.35,5,5,4,2,NOM
étuis,et8i,étui,NOM,2.54,0.17,5,0,3,2,NOM
évier,evje,évier,NOM,3.87,3.81,5,4,3,2,NOM
êtres,EtR,être,NOM,100.69,21.91,5,0,3,1,NOM
